-- MySQL dump 10.19  Distrib 10.3.38-MariaDB, for debian-linux-gnu (x86_64)
--
-- Host: localhost    Database: gistory
-- ------------------------------------------------------
-- Server version	10.3.38-MariaDB-0+deb10u1

/*!40101 SET @OLD_CHARACTER_SET_CLIENT=@@CHARACTER_SET_CLIENT */;
/*!40101 SET @OLD_CHARACTER_SET_RESULTS=@@CHARACTER_SET_RESULTS */;
/*!40101 SET @OLD_COLLATION_CONNECTION=@@COLLATION_CONNECTION */;
/*!40101 SET NAMES utf8mb4 */;
/*!40103 SET @OLD_TIME_ZONE=@@TIME_ZONE */;
/*!40103 SET TIME_ZONE='+00:00' */;
/*!40014 SET @OLD_UNIQUE_CHECKS=@@UNIQUE_CHECKS, UNIQUE_CHECKS=0 */;
/*!40014 SET @OLD_FOREIGN_KEY_CHECKS=@@FOREIGN_KEY_CHECKS, FOREIGN_KEY_CHECKS=0 */;
/*!40101 SET @OLD_SQL_MODE=@@SQL_MODE, SQL_MODE='NO_AUTO_VALUE_ON_ZERO' */;
/*!40111 SET @OLD_SQL_NOTES=@@SQL_NOTES, SQL_NOTES=0 */;

--
-- Table structure for table `Admins`
--

DROP TABLE IF EXISTS `Admins`;
/*!40101 SET @saved_cs_client     = @@character_set_client */;
/*!40101 SET character_set_client = utf8 */;
CREATE TABLE `Admins` (
  `AdminID` int(11) NOT NULL AUTO_INCREMENT,
  `UserID` int(11) DEFAULT NULL,
  PRIMARY KEY (`AdminID`),
  KEY `UserID` (`UserID`),
  CONSTRAINT `Admins_ibfk_1` FOREIGN KEY (`UserID`) REFERENCES `Users` (`UserID`)
) ENGINE=InnoDB DEFAULT CHARSET=utf8mb4 COLLATE=utf8mb4_general_ci `ENCRYPTION_KEY_ID`=100;
/*!40101 SET character_set_client = @saved_cs_client */;

--
-- Dumping data for table `Admins`
--

LOCK TABLES `Admins` WRITE;
/*!40000 ALTER TABLE `Admins` DISABLE KEYS */;
/*!40000 ALTER TABLE `Admins` ENABLE KEYS */;
UNLOCK TABLES;

--
-- Table structure for table `Line`
--

DROP TABLE IF EXISTS `Line`;
/*!40101 SET @saved_cs_client     = @@character_set_client */;
/*!40101 SET character_set_client = utf8 */;
CREATE TABLE `Line` (
  `LineID` int(11) NOT NULL AUTO_INCREMENT,
  `WorkspaceID` int(11) NOT NULL,
  `StartLatitude` decimal(10,6) DEFAULT NULL,
  `StartLongitude` decimal(10,6) DEFAULT NULL,
  `EndLatitude` decimal(10,6) DEFAULT NULL,
  `EndLongitude` decimal(10,6) DEFAULT NULL,
  PRIMARY KEY (`LineID`),
  KEY `WorkspaceID` (`WorkspaceID`),
  CONSTRAINT `Line_ibfk_1` FOREIGN KEY (`WorkspaceID`) REFERENCES `Workspaces` (`WorkspaceID`)
) ENGINE=InnoDB AUTO_INCREMENT=13 DEFAULT CHARSET=utf8mb4 COLLATE=utf8mb4_general_ci `ENCRYPTION_KEY_ID`=100;
/*!40101 SET character_set_client = @saved_cs_client */;

--
-- Dumping data for table `Line`
--

LOCK TABLES `Line` WRITE;
/*!40000 ALTER TABLE `Line` DISABLE KEYS */;
/*!40000 ALTER TABLE `Line` ENABLE KEYS */;
UNLOCK TABLES;

--
-- Table structure for table `Pictures`
--

DROP TABLE IF EXISTS `Pictures`;
/*!40101 SET @saved_cs_client     = @@character_set_client */;
/*!40101 SET character_set_client = utf8 */;
CREATE TABLE `Pictures` (
  `PictureID` int(11) NOT NULL AUTO_INCREMENT,
  `WorkspaceID` int(11) DEFAULT NULL,
  `pointID` int(11) DEFAULT NULL,
  `Path` varchar(255) DEFAULT NULL,
  `Description` text DEFAULT NULL,
  `DateCreated` datetime DEFAULT current_timestamp(),
  PRIMARY KEY (`PictureID`),
  KEY `WorkspaceID` (`WorkspaceID`),
  KEY `PointID` (`pointID`),
  CONSTRAINT `Pictures_ibfk_1` FOREIGN KEY (`WorkspaceID`) REFERENCES `Workspaces` (`WorkspaceID`),
  CONSTRAINT `Pictures_ibfk_2` FOREIGN KEY (`pointID`) REFERENCES `Points` (`pointID`)
) ENGINE=InnoDB AUTO_INCREMENT=232 DEFAULT CHARSET=utf8mb4 COLLATE=utf8mb4_general_ci `ENCRYPTION_KEY_ID`=100;
/*!40101 SET character_set_client = @saved_cs_client */;

--
-- Dumping data for table `Pictures`
--

LOCK TABLES `Pictures` WRITE;
/*!40000 ALTER TABLE `Pictures` DISABLE KEYS */;
INSERT INTO `Pictures` VALUES (32,NULL,144,'images/6705beeff0cea_Expedition_start.jpg',NULL,'2024-10-08 16:23:27'),(33,NULL,145,'images/6705c0f45abbe_camp_reconstruction.jpg',NULL,'2024-10-08 16:32:04'),(34,NULL,145,'images/6705c11d49203_camp_reconstruction_2.jpg.jpg',NULL,'2024-10-08 16:32:45'),(37,NULL,148,'images/6705c7b406962_barterbluebeads.jpg',NULL,'2024-10-08 17:00:52'),(38,NULL,149,'images/6705c85c6267a_lotoPass.jpg',NULL,'2024-10-08 17:03:40'),(40,NULL,150,'images/6705cae6d339d_FortCal.jpg',NULL,'2024-10-08 17:14:30'),(41,NULL,150,'images/6705caed5dd2a_FortCal_2.jpg',NULL,'2024-10-08 17:14:37'),(42,NULL,151,'images/6705d90f9d5ef_Wm-Clark-Signature.jpg',NULL,'2024-10-08 18:14:55'),(44,NULL,155,'images/670ef89161eaa_John_Adams_birthplace,_Quincy,_Massachusetts.JPG',NULL,'2024-10-15 16:19:45'),(45,NULL,154,'images/670ef9c73a7ce_1095px-Geo_Washington_birthplace.jpeg',NULL,'2024-10-15 16:24:55'),(46,NULL,156,'images/670efbaaac8c8_ThomasJefferson.jpg',NULL,'2024-10-15 16:32:58'),(47,NULL,156,'images/670efbbdb6029_thomasSign.JPG',NULL,'2024-10-15 16:33:17'),(50,NULL,158,'images/670effc29ca0b_JamesMonroeHome.jpg',NULL,'2024-10-15 16:50:26'),(51,NULL,158,'images/670f003737666_James Monroe.jpg',NULL,'2024-10-15 16:52:23'),(52,NULL,159,'images/670f0282d33f6_1016px-John_Quincy_Adams_birthplace,_Quincy,_Massachusetts.jpeg',NULL,'2024-10-15 17:02:10'),(53,NULL,159,'images/670f02a135c2f_843px-JQA_Photo_Crop_(cropped).jpeg',NULL,'2024-10-15 17:02:41'),(56,NULL,161,'images/670f075532f34_Martin.jpeg',NULL,'2024-10-15 17:22:45'),(57,NULL,161,'images/670f075eec9e4_Martin-Van-Buren-National-Historic-Site-3479.jpg',NULL,'2024-10-15 17:22:54'),(58,NULL,162,'images/670f096888eaf_SignWillianH.jpg',NULL,'2024-10-15 17:31:36'),(59,NULL,162,'images/670f096fd8e6a_WilliamHome.jpg',NULL,'2024-10-15 17:31:43'),(60,NULL,162,'images/670f09a7764a9_William_Henry_Harrison_daguerreotype_edit.jpg',NULL,'2024-10-15 17:32:39'),(61,NULL,163,'images/670f0bf76ce18_JohnTyler.jpg',NULL,'2024-10-15 17:42:31'),(62,NULL,163,'images/670f0c60c69d1_GreenwayPlantation.jpg',NULL,'2024-10-15 17:44:16'),(69,NULL,170,'images/67180e58903ff_service-pnp-cph-3b00000-3b07000-3b07100-3b07171r.jpg',NULL,'2024-10-22 13:43:04'),(70,NULL,170,'images/67180e633a968_FranklinPierce.png',NULL,'2024-10-22 13:43:15'),(71,NULL,170,'images/67180e643e3ae_FranklinPierce.png',NULL,'2024-10-22 13:43:16'),(91,NULL,160,'images/67183e89cd9d1_Andrew-Jackson-Image-2-882x1056-2330949249.jpg',NULL,'2024-10-22 17:08:41'),(93,NULL,173,'images/67183f083269a_17_andrew_johnson-615380625.jpg',NULL,'2024-10-22 17:10:48'),(94,NULL,168,'images/67183f77dc4d8_ZacharyTaylorPortra.jpg',NULL,'2024-10-22 17:12:39'),(95,NULL,172,'images/6718404eb1f0b_Abra.jpg',NULL,'2024-10-22 17:16:14'),(96,NULL,174,'images/671840adc84cd_Ulysses_S_Grant_by_Brady_c1870-restored-2964268751.jpg',NULL,'2024-10-22 17:17:49'),(97,NULL,175,'images/671840d4abfa1_Rutherford-B-Hayes-3173104778.jpg',NULL,'2024-10-22 17:18:28'),(99,NULL,169,'images/6718413ba4bef_Millard_Fillmore-2567108326.jpg',NULL,'2024-10-22 17:20:11'),(100,NULL,171,'images/671841d34106e_jamesBuchanan.jpg',NULL,'2024-10-22 17:22:43'),(101,NULL,167,'images/6718421c45274_james-k-polk@2x-310268614.jpg',NULL,'2024-10-22 17:23:56'),(102,NULL,176,'images/671842d4bf68c_20_james_garfield-3604729365.jpg',NULL,'2024-10-22 17:27:00'),(103,NULL,178,'images/6718440c9d202_Chester_a_arthur-4204265868.jpg',NULL,'2024-10-22 17:32:12'),(104,NULL,179,'images/67184511caa10_StephenGroverCleveland.jpg',NULL,'2024-10-22 17:36:33'),(105,NULL,180,'images/67184699e4cc3_Benjamin_Harrison.jpg',NULL,'2024-10-22 17:43:05'),(106,NULL,181,'images/67184752f31db_McKinley.jpg',NULL,'2024-10-22 17:46:10'),(107,NULL,184,'images/67184882aef2b_Theodore_Roosevelt_by_the_Pach_Bros.jpg',NULL,'2024-10-22 17:51:14'),(108,NULL,189,'images/67184a5eb2770_Warren_G_Harding.jpg',NULL,'2024-10-22 17:59:10'),(109,NULL,193,'images/67184c88d0c65_Calvin_Coolidge.jpg',NULL,'2024-10-22 18:08:24'),(110,NULL,199,'images/67184dcf48603_Hoover_portrait.jpg',NULL,'2024-10-22 18:13:51'),(111,NULL,200,'images/67184f6e81e9e_frank.jpg',NULL,'2024-10-22 18:20:46'),(112,NULL,203,'images/671851dc4d91a_HarryTruman.jpg',NULL,'2024-10-22 18:31:08'),(113,NULL,205,'images/67185394887ea_Dwight_D._Eisenhower.jpg',NULL,'2024-10-22 18:38:28'),(114,NULL,206,'images/6719800af2521_John_F._Kennedy,_White_House_color_photo_portrait.jpg',NULL,'2024-10-23 16:00:26'),(115,NULL,207,'images/6719822e7a5db_220px-Lyndon_B._Johnson_-_15-13-2_-_ca._1915.jpg',NULL,'2024-10-23 16:09:34'),(116,NULL,207,'images/6719823436529_220px-37_Lyndon_Johnson_3x4.jpg',NULL,'2024-10-23 16:09:40'),(117,NULL,208,'images/671983c8019b9_Richard_Nixon_HS_Yearbook.jpg',NULL,'2024-10-23 16:16:24'),(118,NULL,208,'images/671983cd12256_Richard_Nixon_presidential_portrait_(1).jpg',NULL,'2024-10-23 16:16:29'),(119,NULL,209,'images/671984dd47314_Gerald_Ford_on_field_at_Univ_of_Mich,_1933.jpg',NULL,'2024-10-23 16:21:01'),(120,NULL,209,'images/671984e2395bc_220px-Gerald_Ford_presidential_portrait_(cropped).jpg',NULL,'2024-10-23 16:21:06'),(121,NULL,210,'images/6719868a7cc0d_Graduation_of_Jimmy_Carter_from_U.S._Naval_Academy,_Annapolis,_Maryland,_Rosalynn_Carter_and_Lillian_Carter_Pinning_on_Ensign_Bars_-_DPLA_-_e1b1f2b5b4e38fc82cfe091678fc112a.jpg',NULL,'2024-10-23 16:28:10'),(122,NULL,210,'images/6719868f21434_JimmyCarterPortrait2.jpg',NULL,'2024-10-23 16:28:15'),(123,NULL,211,'images/671987906c361_Ronald_Reagan_in_Dark_Victory_trailer.jpg',NULL,'2024-10-23 16:32:32'),(124,NULL,211,'images/671987956a666_Official_Portrait_of_President_Reagan_1981.jpg',NULL,'2024-10-23 16:32:37'),(125,NULL,212,'images/67198ac3e461a_George_H.W._Bush_seated_in_a_Grumman_TBM_Avenger,_circa_1944_(H069-13).jpg',NULL,'2024-10-23 16:46:11'),(126,NULL,212,'images/67198ac86e7f8_George_H._W._Bush_presidential_portrait_(cropped).jpg',NULL,'2024-10-23 16:46:16'),(127,NULL,213,'images/67198ba7e43ab_Bill_Clinton_in_1963_Old_Gold_Book.jpg',NULL,'2024-10-23 16:49:59'),(128,NULL,213,'images/67198bacb3577_Bill_Clinton.jpg',NULL,'2024-10-23 16:50:04'),(129,NULL,213,'images/67198bb180ac7_President_Ronald_Reagan_and_Nancy_Reagan_with_Bill_Clinton_and_Hillary_Clinton_walking_in_the_Cross_Hall_(cropped).jpg',NULL,'2024-10-23 16:50:09'),(130,NULL,214,'images/67198d4e419c6_180px-George_W._Bush_in_1964_Pot_Pourri.jpg',NULL,'2024-10-23 16:57:02'),(131,NULL,214,'images/67198d5337b36_George-W-Bush.jpeg',NULL,'2024-10-23 16:57:07'),(132,NULL,214,'images/67198d5922017_Gerald_Ford_greets_George_W._Bush.jpg',NULL,'2024-10-23 16:57:13'),(133,NULL,215,'images/67198f7dd9870_Ann_Dunham_with_father_and_children.jpg',NULL,'2024-10-23 17:06:21'),(134,NULL,215,'images/67198f8448ae6_President_Barack_Obama.jpg',NULL,'2024-10-23 17:06:28'),(135,NULL,215,'images/67198f894ea92_Obama_family_portrait_in_the_Green_Room.jpg',NULL,'2024-10-23 17:06:33'),(136,NULL,216,'images/671990d024af5_Donald_Trump_NYMA.jpg',NULL,'2024-10-23 17:12:00'),(137,NULL,216,'images/671990d4b8b4c_Donald_Trump_official_portrait.jpg',NULL,'2024-10-23 17:12:04'),(138,NULL,216,'images/671990d9af1a9_Donald_Trump_swearing_in_ceremony.jpg',NULL,'2024-10-23 17:12:09'),(139,NULL,217,'images/671991e5601fd_Joe_Biden_in_1968_Edition_of_Onondagan_Yearbook.jpg',NULL,'2024-10-23 17:16:37'),(140,NULL,217,'images/671991eadb194_Joe_Biden_presidential_portrait.jpg',NULL,'2024-10-23 17:16:42'),(141,NULL,217,'images/671991efe6a82_Joe_Biden_speaks_at_a_presidential_campaign_event,_1987.jpg',NULL,'2024-10-23 17:16:47'),(143,NULL,220,'images/67217542dd1f0_Cesar.jpeg',NULL,'2024-10-29 16:52:34'),(157,NULL,223,'images/67217c0bd2104_SanJoseChavez.jpg',NULL,'2024-10-29 17:21:31'),(158,NULL,224,'images/67217d55bb626_Our_Lady_of_Guadalupe_Mission_Chapel_McDonnell_Hall.jpg',NULL,'2024-10-29 17:27:01'),(159,NULL,226,'images/6721810056322_chavez-miram-pawel_3c01318b8f603a7444d146f7185b010b.fit-760w-2826698716.jpg',NULL,'2024-10-29 17:42:40'),(160,NULL,227,'images/6721823276880_image-3281956636.jpg',NULL,'2024-10-29 17:47:46'),(161,NULL,228,'images/6721855a75dc7_rfk_chavez_02_1379.jpg__2000x1299_q85_crop_subsampling-2_upscale-218724417.jpg',NULL,'2024-10-29 18:01:14'),(162,NULL,229,'images/672186be69a34_OB-EQ666_chavez_G_20091012104303-2664324972.jpg',NULL,'2024-10-29 18:07:10'),(164,NULL,230,'images/67218a8c51ff2_635667751576154940-latino-activism-4096954072.jpg',NULL,'2024-10-29 18:23:24'),(171,NULL,242,'images/67281735b75ac_Lebron-James-Childhood-Photo-1.jpg',NULL,'2024-11-03 16:37:09'),(176,NULL,252,'images/672f9f4fa421c_Lebron_HighSchool.jpg',NULL,'2024-11-09 09:43:43'),(177,NULL,253,'images/672fa04905305_SportsIllustrated.jpg',NULL,'2024-11-09 09:47:53'),(178,NULL,254,'images/672fa19eba380_LebronDraft.jpg',NULL,'2024-11-09 09:53:34'),(179,NULL,254,'images/672fa19f37ed3_LebronDraft.jpg',NULL,'2024-11-09 09:53:35'),(180,NULL,255,'images/672fa27dd03af_800px-LebronFT_(cropped).jpg',NULL,'2024-11-09 09:57:17'),(181,NULL,256,'images/672fa3694126e_lebron-bronny-bday-4-1d6e89fa3dca4f918ef40e349728cd48.jpg',NULL,'2024-11-09 10:01:13'),(186,NULL,266,'images/672ff0ae8669f_Screenshot 2024-11-09 152929.png',NULL,'2024-11-09 15:30:54'),(187,NULL,266,'images/672ff0aeb664f_Screenshot 2024-11-09 152929.png',NULL,'2024-11-09 15:30:54'),(188,NULL,264,'images/672ff116da450_germany_poland_loc_img.jpg',NULL,'2024-11-09 15:32:38'),(189,NULL,264,'images/672ff116dac8b_germany_poland_loc_img.jpg',NULL,'2024-11-09 15:32:38'),(190,NULL,267,'images/672ff1361991f_Screenshot 2024-11-09 152915.png',NULL,'2024-11-09 15:33:10'),(191,NULL,267,'images/672ff1364147d_Screenshot 2024-11-09 152915.png',NULL,'2024-11-09 15:33:10'),(192,NULL,268,'images/672ff348b50c1_Britain_and_France_declare_war_on_Germany.jpg',NULL,'2024-11-09 15:42:00'),(193,NULL,270,'images/672ff8ba55142_NorwayInvasion.jpeg',NULL,'2024-11-09 16:05:14'),(194,NULL,270,'images/672ff8bb33ddc_NorwayInvasion.jpeg',NULL,'2024-11-09 16:05:15'),(195,NULL,271,'images/672ffbf57af89_SEdanFance.jpeg',NULL,'2024-11-09 16:19:01'),(196,NULL,271,'images/672ffbf5946fb_SEdanFance.jpeg',NULL,'2024-11-09 16:19:01'),(197,NULL,272,'images/672ffd5b206b9_Italy.jpeg',NULL,'2024-11-09 16:24:59'),(198,NULL,272,'images/672ffd5b6ee15_Italy.jpeg',NULL,'2024-11-09 16:24:59'),(202,NULL,300,'images/6733e44cd7c72_Hitler_and_german-nazi_officers_staring_at_french_marechal_foch_statue_21_June_1940.png',NULL,'2024-11-12 15:27:08'),(203,NULL,301,'images/6733e8a36214c_Blitz-2.jpg',NULL,'2024-11-12 15:45:39'),(204,NULL,302,'images/6733ecc1d96bd_Operation_Barbarossa_Infobox.jpg',NULL,'2024-11-12 16:03:13'),(210,NULL,310,'images/6733f51c97fb9_Attack_on_Pearl_Harbor.jpg',NULL,'2024-11-12 16:38:52'),(211,NULL,311,'images/6733f721f41d0_WarDeclared.jpg',NULL,'2024-11-12 16:47:30'),(212,NULL,312,'images/6733f85b74627_battle-midway.jpg',NULL,'2024-11-12 16:52:43'),(213,NULL,313,'images/6733f97380aaa_Battle_of_Stalingrad_-_Collage.png',NULL,'2024-11-12 16:57:23'),(214,NULL,314,'images/6733fa614b48c_Into_the_Jaws_of_Death_23-0455M_edit.jpg',NULL,'2024-11-12 17:01:21'),(215,NULL,315,'images/6733fbc719c3f_USS_Princeton_LeyteGulf.jpg',NULL,'2024-11-12 17:07:19'),(216,NULL,316,'images/6733fcffa5ef8_GermanTroopsArdennes-1-304725766.jpg',NULL,'2024-11-12 17:12:31'),(217,NULL,317,'images/6733fe1abf0f5_Stars_&_Stripes_&_Hitler_Dead2.jpg',NULL,'2024-11-12 17:17:14'),(218,NULL,318,'images/6733ff69af514_ve-day-germany-surrender-ww2-2275824299.jpg',NULL,'2024-11-12 17:22:49'),(219,NULL,319,'images/6734003554fb5_HiroshimaAftermath.jpg',NULL,'2024-11-12 17:26:13'),(220,NULL,320,'images/673401847e366_170809-nagasaki-nuclear-bomb-15.jpg',NULL,'2024-11-12 17:31:48'),(221,NULL,321,'images/6734028400472_Surrender_of_Japan_-_USS_Missouri.jpg',NULL,'2024-11-12 17:36:04'),(222,NULL,322,'images/673404e1201de_Team_USA_-_Mens_Basketball_-_Beijing_2008_Olympics_(2752008101).jpg',NULL,'2024-11-12 17:46:09'),(223,NULL,323,'images/673406889f2ad_SecondSon.jpg',NULL,'2024-11-12 17:53:12'),(224,NULL,324,'images/673408dca21b4_lebron_proposes_to_savannah-4019886015.jpg',NULL,'2024-11-12 18:03:08'),(225,NULL,328,'images/67340ce605378_lebron-title-2012-2469567474.jpg',NULL,'2024-11-12 18:20:22'),(226,NULL,329,'images/67340dd8b2af6_SecondWin_Lebron.jpg',NULL,'2024-11-12 18:24:24'),(228,NULL,330,'images/67341260d81e8_LebronWedding.png',NULL,'2024-11-12 18:43:44');
/*!40000 ALTER TABLE `Pictures` ENABLE KEYS */;
UNLOCK TABLES;

--
-- Table structure for table `Points`
--

DROP TABLE IF EXISTS `Points`;
/*!40101 SET @saved_cs_client     = @@character_set_client */;
/*!40101 SET character_set_client = utf8 */;
CREATE TABLE `Points` (
  `pointID` int(11) NOT NULL AUTO_INCREMENT,
  `WorkspaceID` int(11) NOT NULL,
  `latitude` decimal(10,6) DEFAULT NULL,
  `longitude` decimal(10,6) DEFAULT NULL,
  `DateCreated` datetime DEFAULT current_timestamp(),
  `CustomDate` date DEFAULT NULL,
  PRIMARY KEY (`pointID`),
  KEY `WorkspaceID` (`WorkspaceID`),
  CONSTRAINT `Points_ibfk_1` FOREIGN KEY (`WorkspaceID`) REFERENCES `Workspaces` (`WorkspaceID`)
) ENGINE=InnoDB AUTO_INCREMENT=345 DEFAULT CHARSET=utf8mb4 COLLATE=utf8mb4_general_ci `ENCRYPTION_KEY_ID`=100;
/*!40101 SET character_set_client = @saved_cs_client */;

--
-- Dumping data for table `Points`
--

LOCK TABLES `Points` WRITE;
/*!40000 ALTER TABLE `Points` DISABLE KEYS */;
INSERT INTO `Points` VALUES (144,17,38.642529,-90.179081,'2024-11-07 02:37:32',NULL),(145,17,38.803278,-90.106340,'2024-11-07 02:37:32',NULL),(148,17,47.297634,-101.085752,'2024-11-07 02:37:32',NULL),(149,17,46.635345,-114.579388,'2024-11-07 02:37:32',NULL),(150,17,46.134103,-123.879332,'2024-11-07 02:37:32',NULL),(151,17,45.991531,-107.952552,'2024-11-07 02:37:32',NULL),(152,17,47.508027,-111.253059,'2024-11-07 02:37:32',NULL),(154,19,38.191289,-76.904364,'2024-11-07 02:37:32','1789-04-30'),(155,19,42.239361,-71.003506,'2024-11-07 02:37:32','1797-03-04'),(156,19,38.012393,-78.417336,'2024-11-07 02:37:32','1801-03-04'),(158,19,38.242013,-76.990917,'2024-11-07 02:37:32','1817-03-04'),(159,19,42.239153,-71.004220,'2024-11-07 02:37:32','1825-03-04'),(160,19,34.865752,-80.787629,'2024-11-07 02:37:32','1829-03-04'),(161,19,42.394377,-73.707662,'2024-11-07 02:37:32','1782-12-05'),(162,19,37.318256,-77.179543,'2024-11-07 02:37:32','1841-03-04'),(163,19,37.341488,-77.081902,'2024-11-07 02:37:32','1841-04-04'),(167,19,35.084948,-80.888969,'2024-11-07 02:37:32','1845-03-04'),(168,19,38.164299,-78.279895,'2024-11-07 02:37:32','1849-03-04'),(169,19,42.713879,-76.423354,'2024-11-07 02:37:32','1850-07-09'),(170,19,43.113326,-71.893889,'2024-11-07 02:37:32','1853-03-04'),(171,19,39.870831,-77.953845,'2024-11-07 02:37:32','1857-03-04'),(172,19,37.531393,-85.735655,'2024-11-07 02:37:32','1861-03-04'),(173,19,35.780527,-78.641469,'2024-11-07 02:37:32','1865-04-15'),(174,19,38.894530,-84.232403,'2024-11-07 02:37:32','1869-03-04'),(175,19,40.300873,-83.067757,'2024-11-07 02:37:32','1877-03-04'),(176,19,41.445004,-81.419285,'2024-11-07 02:37:32','1881-03-04'),(178,19,44.802318,-72.945579,'2024-11-07 02:37:32','1881-09-19'),(179,19,40.839074,-74.276568,'2024-11-07 02:37:32','1893-03-04'),(180,19,39.151105,-84.742425,'2024-11-07 02:37:32','1889-03-04'),(181,19,41.182291,-80.765626,'2024-11-07 02:37:32','1897-03-04'),(184,19,40.738695,-73.988997,'2024-11-07 02:37:32','1901-09-14'),(189,19,32.092049,-96.717014,'2024-11-07 02:37:32','1921-03-04'),(193,19,43.535709,-72.721795,'2024-11-07 02:37:32','1923-08-02'),(199,19,41.668883,-91.348193,'2024-11-07 02:37:32','1929-03-04'),(200,19,41.767262,-73.935474,'2024-11-07 02:37:32','1933-03-04'),(203,19,37.494305,-94.273143,'2024-11-07 02:37:32','1945-04-12'),(205,19,33.750026,-96.534264,'2024-11-07 02:37:32','1953-01-20'),(206,19,42.346932,-71.123210,'2024-11-07 02:37:32','1961-01-20'),(207,19,30.241591,-98.610148,'2024-11-07 02:37:32','1963-11-22'),(208,19,33.889442,-117.818094,'2024-11-07 02:37:32','1969-01-20'),(209,19,41.245468,-95.960469,'2024-11-07 02:37:32','1974-08-09'),(210,19,32.038162,-84.390771,'2024-11-07 02:37:32','1977-01-20'),(211,19,41.630839,-89.785598,'2024-11-07 02:37:32','1981-01-20'),(212,19,42.248561,-71.068909,'2024-11-07 02:37:32','1989-01-20'),(213,19,33.667290,-93.596456,'2024-11-07 02:37:32','1993-01-20'),(214,19,41.307251,-72.926213,'2024-11-07 02:37:32','2001-01-20'),(215,19,21.300092,-157.833444,'2024-11-07 02:37:32','2009-01-20'),(216,19,40.759428,-73.817382,'2024-11-07 02:37:32','2017-01-20'),(217,19,41.408984,-75.662403,'2024-11-07 02:37:32','2021-01-20'),(220,23,32.722972,-114.621269,'2024-11-07 02:37:32','1927-03-31'),(223,23,37.337470,-121.895171,'2024-11-07 02:37:32','1930-01-01'),(224,23,37.352807,-121.845407,'2024-11-07 02:37:32','1950-01-01'),(225,23,36.731366,-119.785797,'2024-11-07 02:37:32','1950-01-01'),(226,23,35.765905,-119.252506,'2024-11-07 02:37:32','1965-09-01'),(227,23,38.571039,-121.493019,'2024-11-07 02:37:32','1966-03-01'),(228,23,35.758925,-119.239526,'2024-11-07 02:37:32',NULL),(229,23,40.736003,-73.990370,'2024-11-07 02:37:32','1972-01-01'),(230,23,33.452681,-112.065956,'2024-11-07 02:37:32','1970-01-01'),(242,27,41.084185,-81.515726,'2024-11-07 02:37:32','1984-12-30'),(250,27,41.115720,-81.575048,'2024-11-09 09:32:57','1994-01-01'),(252,27,41.088078,-81.521272,'2024-11-09 09:40:45','1999-01-01'),(253,27,41.082842,-81.519779,'2024-11-09 09:45:06','2002-02-18'),(254,27,40.714795,-73.992791,'2024-11-09 09:51:16','2003-06-26'),(255,27,41.505011,-81.692827,'2024-11-09 09:55:39','2004-10-01'),(256,27,41.495810,-81.673407,'2024-11-09 09:59:28','2004-10-06'),(264,31,54.406615,18.666881,'2024-11-09 15:25:59','1939-09-01'),(266,35,34.047342,-118.800108,'2024-11-09 15:28:38','2023-06-08'),(267,35,34.034824,-118.834097,'2024-11-09 15:31:14','2024-11-26'),(268,31,53.773784,-4.891709,'2024-11-09 15:38:21','1939-09-03'),(269,31,48.856230,2.347090,'2024-11-09 15:48:16','1939-09-03'),(270,31,59.915239,10.738320,'2024-11-09 16:02:45','1940-04-09'),(271,31,49.701020,4.944583,'2024-11-09 16:15:31','1940-05-10'),(272,31,41.889886,12.493833,'2024-11-09 16:22:37','1940-06-10'),(300,31,49.415742,2.822610,'2024-11-12 15:22:51','1940-06-22'),(301,31,51.513833,-0.098327,'2024-11-12 15:38:12','1940-07-10'),(302,31,52.110491,23.814490,'2024-11-12 15:58:39','1941-06-22'),(310,31,21.381661,-157.972389,'2024-11-12 16:36:41','1941-12-07'),(311,31,38.897314,-77.036486,'2024-11-12 16:45:40','1941-12-08'),(312,31,28.222362,-177.364949,'2024-11-12 16:49:55','1942-06-04'),(313,31,48.708281,44.512014,'2024-11-12 16:55:02','1942-08-23'),(314,31,49.361365,-0.845651,'2024-11-12 16:59:14','1944-06-06'),(315,31,10.339033,125.288216,'2024-11-12 17:05:53','1944-10-20'),(316,31,50.010330,5.731220,'2024-11-12 17:09:40','1944-12-16'),(317,31,52.512788,13.381643,'2024-11-12 17:14:03','1945-04-30'),(318,31,49.256449,4.033062,'2024-11-12 17:19:45','1945-05-07'),(319,31,34.395444,132.453942,'2024-11-12 17:24:03','1945-08-06'),(320,31,32.773741,129.862914,'2024-11-12 17:28:43','1945-08-09'),(321,31,35.522172,139.898065,'2024-11-12 17:35:14','1945-09-02'),(322,27,39.909817,116.274760,'2024-11-12 17:42:36','2008-08-24'),(323,27,41.518959,-81.435534,'2024-11-12 17:47:58','2007-06-14'),(324,27,25.794332,-80.128254,'2024-11-12 17:54:40','2011-12-31'),(325,17,38.533919,-110.862215,'2024-11-12 18:11:58',NULL),(326,17,40.499951,-115.564363,'2024-11-12 18:12:01',NULL),(327,17,41.164944,-112.488191,'2024-11-12 18:12:03',NULL),(328,27,25.781394,-80.187752,'2024-11-12 18:18:27','2012-06-21'),(329,27,25.781332,-80.188274,'2024-11-12 18:22:02','2013-06-20'),(330,27,32.938149,-117.197865,'2024-11-12 18:25:48','2013-09-14'),(344,45,40.737156,-111.987702,'2024-12-10 22:46:13',NULL);
/*!40000 ALTER TABLE `Points` ENABLE KEYS */;
UNLOCK TABLES;

--
-- Table structure for table `Texts`
--

DROP TABLE IF EXISTS `Texts`;
/*!40101 SET @saved_cs_client     = @@character_set_client */;
/*!40101 SET character_set_client = utf8 */;
CREATE TABLE `Texts` (
  `TextID` int(11) NOT NULL AUTO_INCREMENT,
  `WorkspaceID` int(11) DEFAULT NULL,
  `pointID` int(11) DEFAULT NULL,
  `Content` text DEFAULT NULL,
  `Description` text DEFAULT NULL,
  `DateCreated` datetime DEFAULT current_timestamp(),
  PRIMARY KEY (`TextID`),
  KEY `WorkspaceID` (`WorkspaceID`),
  KEY `PointID` (`pointID`),
  CONSTRAINT `Texts_ibfk_1` FOREIGN KEY (`WorkspaceID`) REFERENCES `Workspaces` (`WorkspaceID`),
  CONSTRAINT `Texts_ibfk_2` FOREIGN KEY (`pointID`) REFERENCES `Points` (`pointID`)
) ENGINE=InnoDB AUTO_INCREMENT=292 DEFAULT CHARSET=utf8mb4 COLLATE=utf8mb4_general_ci `ENCRYPTION_KEY_ID`=100;
/*!40101 SET character_set_client = @saved_cs_client */;

--
-- Dumping data for table `Texts`
--

LOCK TABLES `Texts` WRITE;
/*!40000 ALTER TABLE `Texts` DISABLE KEYS */;
INSERT INTO `Texts` VALUES (36,NULL,144,'The expedition began here in St. Louis, Missouri, on May 14, 1804, where Clark, along with 30 other men, met Lewis and ten other members of the group.',NULL,'2024-10-08 16:21:20'),(41,NULL,148,'From November 1804 to April 1805, the expedition built and stayed at Fort Mandan near the present-day town of Washburn. Here, they made contact with the Mandan and Hidatsa tribes and recruited Sacagawea as a guide',NULL,'2024-10-08 17:00:43'),(43,NULL,149,'In September 1805, the Corps crossed the Bitterroot Mountains via Lolo Pass. This grueling journey took them through harsh terrain and severe weather, nearly leading to starvation',NULL,'2024-10-08 17:03:35'),(44,NULL,152,'In June 1805, the Corps encountered the Great Falls of the Missouri, a massive waterfall that required a difficult 17 mile portage. It took nearly a month to navigate around the falls',NULL,'2024-10-08 17:10:45'),(53,NULL,150,'After reaching the Pacific Ocean in November 1805, the expedition built Fort Clatsop near the mouth of the Columbia River and spent the winter of 1805-1806 there',NULL,'2024-10-08 17:14:24'),(55,NULL,151,'On July 25, 1806, during the return journey, William Clark carved his name into Pompeys Pillar, a sandstone formation near the Yellowstone River. This is one of the few surviving physical marks left by the expedition',NULL,'2024-10-08 17:28:08'),(56,NULL,154,'George Washington was born on February 22, 1732, at his family\'s plantation on Pope\'s Creek in Westmoreland County, Virginia. The site is now part of the George Washington Birthplace National Monument, which encompasses 551 acres of land. This area was central to one of the earliest efforts to memorialize George Washington during the celebration of his bicentennial birth anniversary in 1932.\n\nThe park offers a glimpse into the early life of Washington and the history of the Washington family, who lived on this land for seven generations. It\'s a place of both historical significance and natural beauty, with opportunities for visitors to explore the grounds and learn more about the first President of the United States.',NULL,'2024-10-15 14:33:28'),(57,NULL,155,'John Adams Birthplace in Quincy, Massachusetts, is a significant historical site. The modest saltbox house offers a glimpse into the early life of the second U.S. president and a Founding Father. This well-preserved landmark captures the essence of 18th-century New England and the formative years of a future president. Visitors can explore the simple yet poignant rooms where Adams developed his early views and values, shaping the leadership that would later help forge the nation. This site, along with the nearby Adams National Historical Park, provides a comprehensive look at the Adams family\'s lasting impact on American history.',NULL,'2024-10-15 16:18:44'),(59,NULL,156,'Thomas Jefferson was born on April 13, 1743, at the family\'s Shadwell Plantation in the British Colony of Virginia. Shadwell is located in Albemarle County, Virginia, and a notable historic site. Although the original house was destroyed by fire, the location remains a key piece of American heritage. Jefferson, the third U.S. president and principal author of the Declaration of Independence, spent his early years here. The site offers insight into the formative environment that shaped one of the nation\'s most influential Founding Fathers. Visitors can explore the grounds and nearby Monticello, Jefferson\'s renowned estate, to gain a deeper understanding of his legacy and contributions to the fledgling United States.',NULL,'2024-10-15 16:30:56'),(61,NULL,158,'James Monroe was born on April 28, 1758, at Monroe Hall in Westmoreland County, Virginia. Monroe, the fifth U.S. president, spent his early years in this scenic region, which played a crucial role in shaping his character and values. The site offers a glimpse into the pastoral life of the 18th century and the upbringing of a future president who would later contribute significantly to the nation\'s development. Visitors can explore the area to gain insight into Monroe\'s early influences and the environment that helped mold his leadership qualities.',NULL,'2024-10-15 16:49:51'),(62,NULL,159,'John Quincy Adams was born on July 11, 1767, in Braintree, Massachusetts, now part of Quincy. As the son of John Adams, the second U.S. president, John Quincy Adams grew up immersed in the early political and revolutionary fervor that shaped the nation. His birthplace, a modest New England home at 141 Franklin Street, provided a nurturing environment that influenced his remarkable diplomatic and political career. This historic saltbox house, built in 1716, carries significant historical value as it is the place where one of the key figures in American history spent his early years. Visitors to this site can gain insight into the early life and legacy of the sixth U.S. president, who played a crucial role in American history, both as a statesman and an advocate for antislavery',NULL,'2024-10-15 17:01:58'),(63,NULL,160,'Andrew Jackson was born on March 15, 1767, in a rustic area near the North Carolina and South Carolina border. The exact location of his birth is debated, but one of the likely spots is commemorated by the Andrew Jackson Birthplace monument. This monument marks where the George McCamie cabin once stood, built from rough boulders sourced from the cabin\'s chimney foundation. A small marble plaque and the Daughters of the American Revolution symbol are set into the base. Above this, a rough-hewn granite slab stands tall with a relief of the McCamie cabin and an inscription, though both have suffered vandalism over the years. To visit this secluded monument, one must venture into South Carolina, adding to its allure and historical mystique.',NULL,'2024-10-15 17:08:59'),(64,NULL,161,'Martin Van Buren was born on December 5, 1782, in Kinderhook, New York, a small Dutch community near Albany. The Martin Van Buren National Historic Site preserves his birthplace and offers a glimpse into his early life. Although the original house no longer stands, the site features a visitor center and restored buildings that showcase Van Buren\'s legacy and contributions to American politics',NULL,'2024-10-15 17:21:21'),(65,NULL,162,'William Henry Harrison, the ninth U.S. president, was born on February 9, 1773, at Berkeley Plantation in Charles City County, Virginia. This historic site is notable for being the location where Harrison spent his early years in a prominent Virginia family. The plantation is one of the oldest in America and offers visitors a chance to explore the beautiful grounds and learn about Harrison\'s early life and his journey to becoming president.',NULL,'2024-10-15 17:30:28'),(66,NULL,163,'John Tyler was born on March 29, 1790, at Greenway Plantation in Charles City County, Virginia. This historic site offers a glimpse into Tyler\'s early life in a prominent Virginia family. The plantation, with its beautiful grounds and historic buildings, provides visitors with insight into the upbringing of the tenth U.S. president, who assumed office after the death of William Henry Harrison and is known for his strong support of states rights.',NULL,'2024-10-15 17:40:17'),(96,NULL,167,'James K. Polk was born on November 2, 1795, in Pineville, North Carolina. He is often referred to as the \"dark horse\" president due to his unexpected nomination. Polk oversaw significant territorial expansion during his presidency, including the annexation of Texas, the Oregon Territory, and the acquisition of California following the Mexican-American War. He is also credited with reestablishing an independent treasury system and reducing tariffs. Polk served a single term and chose not to seek re-election, retiring in 1849.',NULL,'2024-10-22 13:34:35'),(97,NULL,168,'Zachary Taylor was born on November 24, 1784, in Barboursville, Virginia. A career military man, Taylor earned the nickname \"Old Rough and Ready\" for his leadership in the Mexican-American War. He became the 12th president of the United States but died just 16 months into his presidency on July 9, 1850. His presidency focused on preserving the Union during the rising tensions over slavery, though his unexpected death left many of his plans unfinished.',NULL,'2024-10-22 13:35:12'),(100,NULL,169,'Millard Fillmore was born on January 7, 1800, in Moravia, New York. He ascended to the presidency after Zachary Taylor\'s death. Fillmore is most known for signing the Compromise of 1850, which included the controversial Fugitive Slave Act, aimed at calming tensions between the North and South. Though this compromise delayed the Civil War, it heightened tensions regarding slavery. After his presidency, Fillmore unsuccessfully ran for president again in 1856 as the candidate of the Know Nothing Party',NULL,'2024-10-22 13:39:04'),(101,NULL,170,'Franklin Pierce was born on November 23, 1804, in Hillsborough, New Hampshire. Pierce\'s presidency is often remembered for his support of the Kansas-Nebraska Act, which allowed new territories to decide whether to allow slavery through popular sovereignty. This act led to \"Bleeding Kansas,\" a series of violent confrontations between pro-slavery and anti-slavery forces. Pierce\'s pro-Southern stance alienated many in the North, and his presidency is often considered one of the weakest in U.S. history.',NULL,'2024-10-22 13:41:30'),(102,NULL,171,'James Buchanan was born on April 23, 1791, in Cove Gap, Pennsylvania. Serving as the 15th president, Buchanan\'s time in office is most remembered for his inability to prevent the secession of Southern states, which led to the Civil War. Despite his vast political experience, Buchanan is often ranked as one of the worst U.S. presidents due to his inaction during this critical period. His efforts to appease both North and South ended in failure, and his presidency is widely criticized.',NULL,'2024-10-22 13:47:18'),(103,NULL,172,'Abraham Lincoln was born on February 12, 1809, in Hodgenville, Kentucky. Lincoln led the country through its greatest moral, constitutional, and political crisis: the American Civil War. He preserved the Union, abolished slavery with the Emancipation Proclamation and the 13th Amendment, and modernized the U.S. economy through infrastructure and banking reforms. His assassination on April 14, 1865, shortly after the war\'s end, cemented his legacy as one of the greatest U.S. presidents',NULL,'2024-10-22 13:50:29'),(104,NULL,173,'Andrew Johnson was born on December 29, 1808, in Raleigh, North Carolina. Johnson became president after Lincoln\'s assassination. His presidency was marked by his lenient Reconstruction policies, which allowed Southern states to quickly rejoin the Union without guaranteeing rights for former slaves. His opposition to the Radical Republicans\' plans for Reconstruction led to his impeachment by the House of Representatives, though he was acquitted in the Senate by one vote.',NULL,'2024-10-22 13:53:19'),(105,NULL,174,'Ulysses S. Grant was born on April 27, 1822, in Point Pleasant, Ohio. As a leading Union general during the Civil War, Grant secured key victories for the North, most notably at Vicksburg and Appomattox, where Confederate forces surrendered. His presidency focused on Reconstruction and civil rights for African Americans. However, his administration was plagued by numerous scandals involving his political appointees, despite Grant\'s personal integrity.',NULL,'2024-10-22 13:57:11'),(106,NULL,175,'Rutherford B. Hayes was born on October 4, 1822, in Delaware, Ohio. His presidency is best known for the Compromise of 1877, which resolved the disputed 1876 election and effectively ended Reconstruction by withdrawing federal troops from the South. Hayes also worked to reform the civil service and sought to restore the public\'s trust in government after the scandals of the Grant administration. He served one term and did not seek re-election.',NULL,'2024-10-22 14:01:04'),(107,NULL,176,'James A. Garfield was born on November 19, 1831, in Moreland Hills, Ohio. He is remembered for his short presidency, having been shot just four months into his term. Garfield was a strong advocate of civil service reform, aiming to reduce corruption in government appointments. His assassination in 1881 by a disgruntled office-seeker brought attention to the need for reform, eventually leading to the passage of the Pendleton Civil Service Reform Act.',NULL,'2024-10-22 14:04:17'),(108,NULL,178,'Chester A. Arthur was born on October 5, 1829, in Fairfield, Vermont. Arthur\'s presidency is often remembered for his support of the Pendleton Civil Service Act, which reformed the federal government\'s hiring practices by implementing a merit-based system rather than patronage. This act was a significant step towards reducing corruption and improving efficiency in government jobs. Arthur\'s presidency also saw the passage of the Chinese Exclusion Act of 1882, which restricted Chinese immigration. Despite being a former supporter of the spoils system, Arthur\'s advocacy for civil service reform surprised many and helped to distance him from his earlier political affiliations. His presidency is often considered a period of reform and modernization in the federal government',NULL,'2024-10-22 17:30:29'),(109,NULL,179,'Grover Cleveland was born on March 18, 1837, in Caldwell, New Jersey. Cleveland\'s presidency is often remembered for his commitment to political reform and fiscal conservatism. He is the only U.S. president to serve two non-consecutive terms, making him both the 22nd and 24th president. Cleveland\'s first term (1885-1889) was marked by his opposition to high tariffs and his use of the veto power to block unnecessary legislation. His second term (1893-1897) was dominated by the economic challenges of the Panic of 1893, during which he upheld the gold standard and opposed government intervention in the economy. Cleveland\'s dedication to principle over politics earned him a reputation as an honest and principled leader, though his strict fiscal policies were sometimes controversia',NULL,'2024-10-22 17:34:36'),(110,NULL,180,'Benjamin Harrison was born on August 20, 1833, in North Bend, Ohio. Harrison\'s presidency, from 1889 to 1893, is often remembered for his commitment to civil rights and efforts to promote American commerce and industry. He was a Republican and a former senator from Indiana. Harrison\'s administration saw the passage of the McKinley Tariff, which raised duties on imports to protect domestic industries, and the Sherman Antitrust Act, aimed at curbing monopolies. His presidency also included the admission of six new states to the Union. Despite his efforts, Harrison\'s economic policies contributed to the depression that hit the country after he left office. His social and foreign policies, however, were considered visionary and bold',NULL,'2024-10-22 17:40:38'),(111,NULL,181,'William McKinley was born on January 29, 1843, in Niles, Ohio. McKinley\'s presidency, from 1897 to 1901, is often remembered for his leadership during the Spanish-American War. Under his leadership, the United States emerged victorious and acquired several new territories, including Puerto Rico, Guam, and the Philippines, marking the beginning of the U.S. as a global power. McKinley was also known for his support of high protective tariffs, which aimed to shield American industries from foreign competition. His presidency saw economic growth, but it was cut short by his assassination in 1901. McKinley\'s time in office is often seen as a period of expansion and modernization for the United States.',NULL,'2024-10-22 17:45:12'),(131,NULL,184,'Theodore Roosevelt was born on October 27, 1858, at 28 East 20th Street, New York City, New York, which is now the Theodore Roosevelt Birthplace National Historic Site\n\n. Overcoming childhood illness, he embraced a vigorous lifestyle and graduated from Harvard. After personal tragedy, he became a cattle rancher in the Dakota Territory before returning to public service.\n\nRoosevelt gained national fame leading the Rough Riders in the Spanish-American War. He became president in 1901 after McKinley\'s assassination, promoting his \"Square Deal\" policies which targeted trusts, labor rights, and consumer protections. Roosevelt was a pioneering conservationist, setting aside millions of acres for national forests and parks. His foreign policy, \"Big Stick\" diplomacy, emphasized strong military presence and he facilitated the construction of the Panama Canal.\n\nHe earned a Nobel Peace Prize for mediating the Russo-Japanese War. After his presidency, he continued his influence, running as a Progressive in 1912. Roosevelt\'s legacy is a mix of progressive reform, environmental conservation, and strong national leadership. He died on January 6, 1919.',NULL,'2024-10-22 17:50:12'),(139,NULL,189,'Warren G. Harding was born on November 2, 1865, in Corsica (now Blooming Grove), Ohio. Harding\'s presidency, from 1921 to 1923, is often remembered for his promise of a \"return to normalcy\" following World War I. He was a successful newspaper publisher before entering politics, serving in the Ohio State Senate, as lieutenant governor, and later as a U.S. Senator\n\n.\n\nAs president, Harding favored pro-business policies and limited immigration\n. His administration saw the establishment of the Veterans Bureau and the General Accounting Office. However, his presidency was marred by corruption scandals, most notably the Teapot Dome scandal, which involved the secret leasing of federal oil reserves in exchange for bribes\n\n.\n\nHarding\'s sudden death on August 2, 1923, in San Francisco, California, cut his presidency short\n. Despite his initial popularity, the posthumous exposure of corruption significantly tarnished his legacy.',NULL,'2024-10-22 18:00:28'),(145,NULL,193,'Calvin Coolidge was born on July 4, 1872, in Plymouth Notch, Vermont. Known for his quiet demeanor, Coolidge became the 30th President of the United States after the sudden death of Warren G. Harding in 1923. His presidency is often remembered for restoring integrity to the executive branch following the scandals of the Harding administration.\n\nCoolidge was a pro-business conservative who favored tax cuts and limited government spending. His policies contributed to the economic prosperity of the Roaring Twenties, but some argue they also set the stage for the Great Depression. He was known as \"Silent Cal\" for his reserved and frugal nature, which resonated with the American public during a time of rapid social and cultural change.\n\nCoolidge\'s legacy includes his efforts to reduce government corruption and his support for business-friendly policies. He chose not to run for a second full term and retired to Northampton, Massachusetts, where he passed away on January 5, 193',NULL,'2024-10-22 18:07:38'),(147,NULL,199,'Herbert Hoover was born on August 10, 1874, in West Branch, Iowa. He was the first U.S. president born west of the Mississippi River. Hoover was a successful mining engineer and humanitarian before entering politics. He gained fame for his efforts in providing food relief to Europe during and after World War I.\n\nHoover served as the 31st President of the United States from 1929 to 1933. His presidency began just before the onset of the Great Depression, a period of severe economic downturn. Despite his efforts to combat the crisis, including the establishment of public works programs and the Reconstruction Finance Corporation, Hoover\'s policies were widely seen as inadequate. His administration was criticized for its inability to alleviate widespread unemployment and poverty.\n\nHoover\'s legacy is often overshadowed by the economic hardships of the Great Depression, but his earlier humanitarian work and his post-presidential efforts in public service are also significant aspects of his life. He passed away on October 20, 1964, in New ',NULL,'2024-10-22 18:12:57'),(148,NULL,200,'Franklin D. Roosevelt was born on January 30, 1882, in Hyde Park, New York, which is now the Home of Franklin D. Roosevelt National Historic Site. Roosevelt, commonly known as FDR, served as the 32nd President of the United States from 1933 until his death in 1945. He is the only president to have served more than two terms, leading the country through the Great Depression and World War II.\n\nFDR\'s presidency began with his New Deal programs, which aimed to provide relief, recovery, and reform to a nation struggling with economic hardship\n. His first 100 days in office saw an unprecedented level of legislative activity, including the establishment of the Tennessee Valley Authority and Social Security. Roosevelt\'s leadership during World War II was marked by his efforts to support the Allies through programs like Lend-Lease before the U.S. formally entered the war after the attack on Pearl Harbor.\n\nDespite being paralyzed from the waist down due to polio, Roosevelt\'s determination and leadership were unwavering. He communicated directly with the American people through his famous \"fireside chats,\" fostering a sense of connection and trust. FDR\'s legacy includes his role in shaping modern American government and his impact on global politics during a time of unprecedented challenges',NULL,'2024-10-22 18:18:40'),(154,NULL,203,'Harry S. Truman was born on May 8, 1884, in Lamar, Missouri. Truman grew up in Independence, Missouri, and served as a farmer before joining the military during World War I as a captain in the Field Artillery. After the war, he opened a haberdashery in Kansas City with a business partner, but the venture eventually failed.\n\nTruman entered politics and served as a U.S. Senator from Missouri from 1935 to 1945. He became the 33rd President of the United States in 1945 following the death of Franklin D. Roosevelt. Truman led the country through the final stages of World War II and the early years of the Cold War. He is known for his decisive actions, including the decision to use atomic weapons on Japan to hasten the end of the war.\n\nTruman\'s presidency also saw the implementation of the Marshall Plan, which provided aid to rebuild Western Europe after the war, and the Truman Doctrine, which aimed to contain Soviet expansion\n. He also supported the creation of the United Nations and the North Atlantic Treaty Organization (NATO).\nDespite facing significant challenges, including labor strikes and the beginning of the Korean War, Truman\'s straightforward and decisive leadership style earned him the nickname \"Give \'Em Hell Harry.\" He chose not to run for another term and retired to Independence, Missouri, where he passed away on December 26, 1972',NULL,'2024-10-22 18:30:56'),(155,NULL,205,'Dwight D. Eisenhower was born on October 14, 1890, in Denison, Texas. He grew up in Abilene, Kansas, and graduated from the U.S. Military Academy at West Point in 1915. Eisenhower had a distinguished military career, serving as Supreme Commander of the Allied Expeditionary Force in Europe during World War II. He led the D-Day invasion of Normandy in 1944, which was a turning point in the war against Nazi Germany.\n\nAfter the war, Eisenhower served as President of Columbia University and then as the first Supreme Commander of NATO before entering politics. He was elected as the 34th President of the United States in 1952 and served two terms from 1953 to 1961. His presidency is known for managing Cold War tensions, ending the Korean War, and promoting infrastructure development, including the creation of the Interstate Highway System.\n\nEisenhower\'s administration also saw the strengthening of Social Security and efforts to contain the spread of communism. However, he faced criticism for not fully enforcing the Supreme Court\'s desegregation order in the Brown v. Board of Education case. Eisenhower passed away on March 28, 1969, in Washington, D.C',NULL,'2024-10-22 18:38:01'),(157,NULL,206,'John F. Kennedy, often referred to as JFK, was born on May 29, 1917, in Brookline, Massachusetts. He hailed from the prominent Kennedy family and graduated from Harvard University in 1940. During World War II, he served heroically in the U.S. Navy, earning the Navy and Marine Corps Medal for his actions during the sinking of PT-109. Kennedy began his political career in the U.S. House of Representatives in 1947 and then served as a U.S. Senator from Massachusetts from 1953 to 1960. Elected as the 35th president of the United States in 1960, he was the youngest person elected to the office and the first Roman Catholic president. His presidency included significant events such as the Cuban Missile Crisis, the establishment of the Peace Corps, and advancements in civil rights. Tragically, Kennedy\'s life and presidency were cut short when he was assassinated on November 22, 1963, in Dallas, Texas, a moment that left a profound impact on the nation and the world.',NULL,'2024-10-23 16:07:31'),(160,NULL,207,'Lyndon B. Johnson, often referred to as LBJ, was born on August 27, 1908, in Gillespie County, Texas. He began his political career in the U.S. House of Representatives in 1937 and later served as a U.S. Senator from Texas from 1949 to 1961. Johnson was elected vice president in 1960 and assumed the presidency on November 22, 1963, following the assassination of John F. Kennedy. As the 36th president of the United States, he is known for his ambitious \"Great Society\" programs, which aimed to eliminate poverty and racial injustice. Key achievements of his presidency include the Civil Rights Act of 1964, the Voting Rights Act of 1965, and the establishment of Medicare and Medicaid. However, his presidency was also marked by the escalation of the Vietnam War, which led to widespread protest and controversy. Johnson chose not to seek re-election in 1968 and retired to his ranch in Texas, where he passed away on January 22, 1973\n',NULL,'2024-10-23 16:08:55'),(161,NULL,208,'Richard Milhous Nixon, born on January 9, 1913, in Yorba Linda, California, was the 37th president of the United States. He began his political career in the U.S. House of Representatives in 1947, later served as a U.S. Senator from California, and then became Vice President under Dwight D. Eisenhower from 1953 to 1961. Nixon was elected president in 1968 and re-elected in 1972. His presidency saw significant foreign policy achievements, including the historic opening of diplomatic relations with China and the signing of the Strategic Arms Limitation Talks (SALT) agreement with the Soviet Union. However, Nixon\'s presidency was marred by the Watergate scandal, leading to his resignation on August 8, 1974, to avoid impeachment. He retired from politics and spent his later years writing and engaging in public speaking until his death on April 22, 1994',NULL,'2024-10-23 16:16:16'),(162,NULL,209,'Gerald R. Ford, born on July 14, 1913, in Omaha, Nebraska, became the 38th president of the United States. Originally named Leslie Lynch King Jr., his name was changed after his mother remarried. Ford served in the U.S. Navy during World War II and began his political career in the U.S. House of Representatives, where he served from 1949 to 1973, eventually becoming House Minority Leader. He was appointed vice president in 1973 following Spiro Agnew\'s resignation and assumed the presidency on August 9, 1974, following Richard Nixon\'s resignation amid the Watergate scandal. As president, Ford is known for his controversial pardon of Nixon and efforts to address inflation and economic difficulties. He was defeated by Jimmy Carter in the 1976 presidential election and retired from politics, living the rest of his life in California until his death on December 26, 2006.',NULL,'2024-10-23 16:20:46'),(163,NULL,210,'Jimmy Carter, born on October 1, 1924, in Plains, Georgia, became the 39th president of the United States. Before his presidency, he served as a naval officer and peanut farmer, and later as the governor of Georgia from 1971 to 1975. Elected president in 1976, Carter\'s administration focused on human rights and energy policies. Notable achievements include the Camp David Accords, which brokered peace between Egypt and Israel, and the Panama Canal treaties. However, his presidency faced significant challenges such as the Iran Hostage Crisis and economic issues like inflation. After leaving office in 1981, Carter became known for his humanitarian work, particularly through the Carter Center, and was awarded the Nobel Peace Prize in 2002. He continues to be an influential figure in global health, democracy, and peace efforts',NULL,'2024-10-23 16:27:16'),(164,NULL,211,'Ronald Reagan, born on February 6, 1911, in Tampico, Illinois, was the 40th president of the United States. Before his political career, Reagan was a Hollywood actor and president of the Screen Actors Guild. He served as the governor of California from 1967 to 1975. Elected president in 1980, his administration, known for its conservative policies and economic reforms, dubbed \"Reaganomics,\" sought to reduce government spending and taxes. Significant events during his presidency include the end of the Cold War, the Iran-Contra affair, and the appointment of the first female Supreme Court Justice, Sandra Day O\'Connor. Reagan survived an assassination attempt in 1981 and completed two terms in office, leaving in 1989. He passed away on June 5, 2004, after a long battle with Alzheimer\'s disease.',NULL,'2024-10-23 16:32:25'),(165,NULL,212,'George H. W. Bush, born on June 12, 1924, in Milton, Massachusetts, served as the 41st president of the United States. Before his presidency, Bush had a long career in public service: he was a naval aviator during World War II, U.S. congressman, ambassador to the United Nations, director of the CIA, and vice president under Ronald Reagan from 1981 to 1989. Elected president in 1988, his term from 1989 to 1993 was marked by significant events, including the end of the Cold War, the Gulf War, and the signing of the North American Free Trade Agreement (NAFTA). However, economic recession and breaking his \"no new taxes\" pledge contributed to his defeat in the 1992 election. After leaving office, Bush continued to be active in humanitarian efforts and partnered with former political adversaries for charity work until his death on November 30, 2018.',NULL,'2024-10-23 16:45:41'),(166,NULL,213,'Bill Clinton, born William Jefferson Blythe III on August 19, 1946, in Hope, Arkansas, served as the 42nd president of the United States from 1993 to 2001. Before his presidency, he was the governor of Arkansas and the state\'s attorney general. Clinton\'s presidency was marked by significant economic growth and the longest peacetime economic expansion in American history. He signed into law the North American Free Trade Agreement (NAFTA) and the Violent Crime Control and Law Enforcement Act. However, his administration faced challenges, including the failed attempt at health care reform and the Monica Lewinsky scandal, which led to his impeachment by the House of Representatives in 1998. He was acquitted by the Senate in 1999. After leaving office, Clinton continued his public service through the Clinton Foundation, focusing on global health, economic development, and climate change\n',NULL,'2024-10-23 16:49:50'),(167,NULL,214,'George W. Bush, born on July 6, 1946, in New Haven, Connecticut, is the 43rd president of the United States1. He grew up in Texas and attended Yale University, where he earned a bachelor\'s degree in history in 1968. After serving as an F-102 fighter pilot in the Texas Air National Guard, Bush received an MBA from Harvard Business School in 1975. He later entered the oil industry and co-owned the Texas Rangers baseball team before being elected governor of Texas in 1994.\n\nBush was elected president in 2000, winning a closely contested election that involved a Supreme Court decision to stop a recount in Florida. His presidency was profoundly shaped by the terrorist attacks on September 11, 2001, which led to the initiation of the \"War on Terror,\" including the wars in Afghanistan and Iraq. Domestically, he signed significant legislation such as the No Child Left Behind Act and the Medicare prescription drug benefit. However, his second term faced challenges, including the financial crisis of 2008 and the controversial handling of Hurricane Katrina.\n\nBush left office in 2009 and has since focused on his presidential library, public speaking, and humanitarian efforts',NULL,'2024-10-23 16:56:52'),(168,NULL,215,'Barack Obama, born on August 4, 1961, in Honolulu, Hawaii, is the 44th president of the United States and the first African American to hold the office. His father, Barack Obama Sr., was a Kenyan economist, and his mother, Ann Dunham, was an anthropologist. After his parents\' separation, Obama spent part of his childhood in Indonesia before returning to Hawaii to live with his maternal grandparents. He attended Punahou School, an elite private school, and later graduated from Columbia University with a degree in political science.\n\nObama moved to Chicago to work as a community organizer and then attended Harvard Law School, where he became the first African American president of the Harvard Law Review. After law school, he returned to Chicago to practice civil rights law and entered politics, serving in the Illinois Senate and the U.S. Senate. He was elected president in 2008, defeating Arizona Senator John McCain.\n\nAs president, Obama\'s administration was marked by significant achievements, including the passage of the Affordable Care Act (ACA), also known as \"Obamacare,\" the killing of Osama bin Laden, and the Iran Nuclear Deal. He also focused on economic recovery following the Great Recession and promoted human rights and environmental policies. Obama was awarded the Nobel Peace Prize in 2009 for his efforts to strengthen international diplomacy and cooperation. After leaving office, Obama has continued to be an influential figure through the Obama Foundation and his memoirs, \"Dreams from My Father\" and \"The Audacity of Hope.\"\n',NULL,'2024-10-23 17:06:11'),(169,NULL,216,'Donald Trump, born on June 14, 1946, in Queens, New York, is the 45th president of the United States. Before his presidency, Trump was a businessman and television personality. He graduated from the Wharton School of the University of Pennsylvania with a degree in economics. Trump took over his family\'s real estate business in 1971, renaming it the Trump Organization and expanding its operations to include skyscrapers, hotels, casinos, and golf courses. He gained fame as the host of the reality TV show \"The Apprentice.\"\n\nTrump was elected president in 2016, defeating Democratic candidate Hillary Clinton. His presidency was marked by significant events such as the implementation of tax cuts, the appointment of three Supreme Court justices, and the renegotiation of trade deals. However, his term was also characterized by controversy, including the investigation into Russian interference in the 2016 election and two impeachments by the House of Representatives. Trump left office on January 20, 2021, after losing the 2020 election to Joe Biden. Since then, he has remained an influential figure in the Republican Party and continues to be active in politics.',NULL,'2024-10-23 17:11:53'),(170,NULL,217,'Joe Biden, born on November 20, 1942, in Scranton, Pennsylvania, is the 46th president of the United States. Before his presidency, Biden had a long career in public service, including serving as a U.S. Senator from Delaware from 1973 to 2009 and as the 47th vice president under Barack Obama from 2009 to 2017. He graduated from the University of Delaware and Syracuse Law School and served on the New Castle County Council before being elected to the Senate at the age of 29.\n\nBiden\'s presidency, which began in 2021, has been marked by efforts to address the COVID-19 pandemic, economic recovery, and significant legislative achievements such as the American Rescue Plan and the Infrastructure Investment and Jobs Act. His administration has also focused on climate change, healthcare, and restoring alliances with international partners. Biden\'s tenure has faced challenges, including the withdrawal of U.S. troops from Afghanistan and ongoing political polarization.',NULL,'2024-10-23 17:16:30'),(181,NULL,220,'Born on March 31, 1927, in Yuma, Arizona, Chavez grew up in a migrant farm working family, experiencing firsthand the struggle of agricultural laborers. His early years involved constant relocation and harsh working conditions, which later fueled his dedication to advocating for farm worker rights',NULL,'2024-10-29 17:02:19'),(190,NULL,223,'In the late 1930s, Chavez\'s family settled in San Jose, California, where he faced poverty, racism, and poor working conditions. Here, he developed empathy for his fellow farm workers and recognized the need for a systemic change to improve their lives',NULL,'2024-10-29 17:20:13'),(192,NULL,224,'In the early 1950s, Chavez attended community meetings at Our Lady of Guadalupe Church, where he learned about organizing and activism. This experience was foundational, showing him the power of collective action and laying the groundwork for his future leadership',NULL,'2024-10-29 17:26:45'),(193,NULL,225,'In the 1950s, Cesar became active in the Community Service Organization(CSO) in Fresno. He began organizing Hispanic communities, promoting voter registration, and fighting against police brutality, which helped him build the skills he\'d later use to lead the UFW',NULL,'2024-10-29 17:32:38'),(194,NULL,226,'In September 1965, Csar Chvez and the UFW launched the historic Delano grape strike, rallying thousands of farm workers to protest poor wages and working conditions. This movement brought national attention to the exploitation of farm workers and marked a major milestone in the labor rights movement.',NULL,'2024-10-29 17:39:51'),(195,NULL,227,'In March 1966, Chavez led a 300 mile pilgrimage from Delano to the California State Capitol in Sacramento. This march drew thousands of supporters and attracted widespread media attention, symbolizing the farm workers\' fight for dignity, respect, and fair labor practices.',NULL,'2024-10-29 17:46:17'),(196,NULL,229,'In 1972, Chavez traveled to New York to promote a nationwide boycott of lettuce, drawing support from unions, churches, and activists. This campaign raised awareness of the injustices faced by farm workers and encouraged consumers to support the UFW\'s cause.',NULL,'2024-10-29 18:05:52'),(197,NULL,230,'In the early 1970s, Chavez organized protests against anti-labor legislation in his home state of Arizona, mobilizing workers and activists to demand better treatment and fair labor policies for farmworkers',NULL,'2024-10-29 18:13:03'),(218,NULL,242,'LeBron James was born on December 30, 1984, to Gloria James in Akron. Raised in a challenging environment, his talent and dedication in basketball would ultimately change his life and that of his community.\n\n',NULL,'2024-11-03 16:42:55'),(223,NULL,145,'On a cold December day in 1803, William Clark and the expeditions recruits set about clearing land and cutting logs for their winter camp. The party spent five months at Camp Dubois making final preparations for their long journey up the Missouri River',NULL,'2024-11-09 09:08:41'),(225,NULL,250,'In 1994 LeBron met Frank Walker, who introduced him to basketball and provided a stable environment',NULL,'2024-11-09 09:34:11'),(227,NULL,252,'LeBron attended St. Vincent-St from 1999 through 2003. Mary High School, where he became a basketball prodigy',NULL,'2024-11-09 09:41:27'),(228,NULL,253,'Featured on the cover of Sports Illustrated the issue came out on Feb. 18, 2002, LeBron gained nationwide fame as \"The Chosen One.\". That cover became one of SI\'s most iconic over the past couple of decades, plastered with the now famous tagline: The Chosen One. James actually got a tattoo on his back that reads Chosen 1',NULL,'2024-11-09 09:46:41'),(229,NULL,254,'LeBron was the first overall pick in the 2003 NBA Draft, joining the Cleveland Cavaliers',NULL,'2024-11-09 09:51:56'),(230,NULL,255,'In 2004 LeBron won the NBA Rookie of the Year Award after an impressive first season with the Cavaliers',NULL,'2024-11-09 09:56:07'),(231,NULL,256,'LeBron welcomed his first son born on October 6, 2004, Bronny, who would later follow in his footsteps in basketball',NULL,'2024-11-09 10:01:08'),(240,NULL,266,'KarinaAAAAAAAA',NULL,'2024-11-09 15:30:08'),(243,NULL,267,'WINTERRRRRRR',NULL,'2024-11-09 15:31:57'),(244,NULL,264,'In September 1, 1939 the Nazi regime from Germany invaded Poland, marking the start of World War II in Europe',NULL,'2024-11-09 15:33:16'),(245,NULL,268,'On September 3, 1939, Britain declared war on Germany in response to its invasion of Poland, marking the beginning of Britain\'s involvement in World War II. British Prime Minister Neville Chamberlain made the historic announcement from London, addressing the nation and signaling Britain\'s commitment to oppose German aggression. This declaration was a crucial moment, indicating Britain\'s determination to honor its alliances and stand against further expansion by Nazi Germany',NULL,'2024-11-09 15:40:13'),(246,NULL,269,'On the same day as Britain, September 3, 1939, France also declared war on Germany following Germany\'s invasion of Poland. The decision was announced from Paris, where French leaders emphasized their duty to protect their Eastern European ally and resist Nazi aggression. This declaration solidified Frances alliance with Britain and Poland, marking its official entry into World War II and setting the stage for military mobilization and the eventual defense of Western Europe.',NULL,'2024-11-09 15:49:00'),(249,NULL,270,'In april 9, 1940 Germany launched an invasion of Oslo, Norway to secure strategic positions in Northern Europe',NULL,'2024-11-09 16:05:08'),(251,NULL,271,'In May 10, 1940 Germany Invades France through Sedan, France the German forces crossed into France, quickly advancing into the country',NULL,'2024-11-09 16:16:48'),(252,NULL,272,'In June 10, 1940 Italy declared war on Britain and France, joining the Axis powers.',NULL,'2024-11-09 16:23:25'),(257,NULL,300,'The Armistice of 22 June 1940 was an agreement between Nazi Germany and the French Third Republic, signed near Compigne, France. It became effective on June 25, 1940, ending the Battle of France. The agreement led to a German occupation zone in Northern and Western France, leaving the rest under the French regime but under German influence. The signing location was symbolically chosen by Hitler, as it was where the 1918 armistice ending World War I had been signed.',NULL,'2024-11-12 15:27:10'),(259,NULL,301,'The Battle of Britain started on July 10, 1940, and lasted until October 31, 1940. It was a significant military campaign during World War II where the Royal Air Force (RAF) of the United Kingdom defended against large-scale attacks by Nazi Germany\'s air force, the Luftwaffe. The battle was fought entirely in the air over British airspace, including the English Channel and areas around England.\n\nGermany aimed to gain air superiority over Britain to facilitate a potential invasion. The battle included the initial focus on RAF airfields and infrastructure, followed by the Blitz, where the Luftwaffe targeted British cities and civilian areas, including London. During the Blitz, St. Paul\'s Cathedral in London, located at 51.5138 N, 0.0984 W, became a symbol of British resilience, famously surviving the heavy bombings. The RAF\'s successful defense prevented Germany from achieving air superiority, thwarting a potential invasion and marking a crucial turning point in the war.',NULL,'2024-11-12 15:45:32'),(260,NULL,302,'On June 22, 1941 Germany launched Operation Barbarossa. The initial start point of the invasion was Brest, Belarus. This was Germany\'s launch of a massive invasion into the Soviet Union, breaking their non aggression pact.',NULL,'2024-11-12 16:01:23'),(271,NULL,310,'On December 7, 1941, Pearl Harbor in Hawaii was the target of a surprise military strike by the Japanese. This attack began early in the morning, around 7:55 AM, and involved nearly 200 aircraft targeting airfields and battleships. A second wave of attacks continued shortly after, causing significant devastation. The assault led to the deaths of 2,403 U.S. military personnel and civilians, with 1,178 others wounded, and resulted in the destruction of over 180 aircraft and damage to 19 Navy ships. The attack on Pearl Harbor ultimately prompted the United States to enter World War II, marking the day as one of great historical significance.',NULL,'2024-11-12 16:42:17'),(272,NULL,311,'On December 8, 1941, the day after the attack on Pearl Harbor, President Franklin D. Roosevelt delivered his famous \"Day of Infamy\" speech to a joint session of Congress. In this speech, he declared December 7th as \"a date which will live in infamy\" and called for a declaration of war against Japan. Congress responded swiftly, with the Senate voting unanimously in favor of the declaration, and the House of Representatives passing it with only one dissenting vote. President Roosevelt signed the declaration of war that same day, officially bringing the United States into World War II.',NULL,'2024-11-12 16:46:16'),(273,NULL,312,'The Battle of Midway took place from June 4 to June 7, 1942, and was a critical naval confrontation in the Pacific Theater of World War II. The battle occurred near the Midway Atoll, a small group of islands in the Pacific Ocean. The United States Navy, led by Admirals Chester W. Nimitz, Frank J. Fletcher, and Raymond A. Spruance, aimed to defend the atoll against a Japanese attack. The U.S. forces achieved a decisive victory, sinking four Japanese aircraft carriers (Akagi, Kaga, Soryu, and Hiryu) and one heavy cruiser (Mikuma), while losing only one carrier (USS Yorktown). This victory significantly weakened Japan\'s naval power and marked a turning point in the Pacific War, halting Japanese expansion in the region',NULL,'2024-11-12 16:53:30'),(274,NULL,313,'The Battle of Stalingrad was one of the most brutal and pivotal battles of World War II, taking place from August 23, 1942, to February 2, 1943. The battle occurred in the city of Stalingrad (now Volgograd), Russia, and involved intense close-quarters combat and aerial bombardment. The German Army, under the command of General Friedrich Paulus, aimed to capture the city, which was a key industrial center and a symbolic target due to its name bearing that of Soviet leader Joseph Stalin. The Soviet forces, led by Generals Georgy Zhukov and Vasily Chuikov, fiercely defended the city.\n\nThe battle saw some of the fiercest fighting in the war, with both sides suffering heavy casualties. The Soviet Union launched a successful counteroffensive in mid-November 1942, encircling the German 6th Army and trapping over 220,000 soldiers. By February 1943, the remaining German forces, numbering around 91,000, were forced to surrender.\n\nThe Battle of Stalingrad marked a turning point in the war on the Eastern Front, as it halted the German advance into the Soviet Union and began the pushback that would eventually lead to the fall of Nazi Germany.',NULL,'2024-11-12 16:56:27'),(275,NULL,314,'D-Day, also known as the Normandy Invasion, took place on June 6, 1944. This massive operation involved Allied forces, including American, British, and Canadian troops, launching an amphibious assault on the beaches of Normandy, France. The primary objective was to liberate German-occupied Western Europe and establish a new front against Nazi Germany. Despite facing strong German defenses and heavy casualties, the Allied forces successfully secured the beaches, which were codenamed Utah, Omaha, Gold, Juno, and Sword. The successful landings marked a significant turning point in World War II, as they paved the way for the liberation of France and the eventual defeat of Nazi Germany. By the end of August 1944, all of northern France was liberated, contributing to the downfall of Nazi control in Western Europe.',NULL,'2024-11-12 17:02:50'),(276,NULL,315,'The Battle of Leyte Gulf took place from October 23 to October 26, 1944, and was the largest naval battle of World War II. It occurred in the waters around the Philippine island of Leyte and involved the United States and Australia against Japan. The battle was part of the Allied invasion of the Philippines and aimed to cut off Japan\'s supply lines to the East Indies and provide bases for an attack on the Japanese home islands. The U.S. Navy\'s Third and Seventh Fleets played a crucial role in repulsing the Japanese forces, which included kamikaze attacks. The battle resulted in heavy losses for the Japanese Navy, crippling their Combined Fleet and reinforcing Allied control of the Pacific.',NULL,'2024-11-12 17:06:41'),(277,NULL,316,'The Battle of the Bulge, also known as the Battle of the Ardennes, was the last major German offensive on the Western Front during World War II. It took place from December 16, 1944, to January 16, 1945. The Germans launched a surprise attack in the densely forested Ardennes region of Belgium, aiming to split the Allied forces and capture the vital port of Antwerp. The battle got its name from the \"bulge\" that appeared in the Allied front lines as German forces pushed forward.\n\nDespite initial successes, the German advance was eventually halted by strong Allied resistance and reinforcements. The battle was fought under harsh winter conditions, with freezing temperatures and heavy snowfall adding to the difficulties faced by both sides. The Allies suffered significant casualties, including many Americans killed. The Germans also incurred heavy losses.\n\nThe Battle of the Bulge marked the end of Germany\'s major offensive capabilities on the Western Front and paved the way for the Allied advance into Germany, leading to the eventual defeat of Nazi Germany.',NULL,'2024-11-12 17:11:42'),(278,NULL,317,'dolf Hitler, the dictator of Nazi Germany, died on April 30, 1945, in his underground bunker in Berlin. As Soviet troops closed in on the city, Hitler committed suicide by shooting himself in the head. His wife, Eva Braun, whom he had married just a day earlier, also took her own life by ingesting cyanide. Following Hitler\'s instructions, their bodies were carried outside, doused in petrol, and set on fire to prevent them from being captured by the advancing Soviet forces. The news of Hitler\'s death was announced on German radio the next day, marking a significant moment in the closing stages of World War II.',NULL,'2024-11-12 17:15:01'),(279,NULL,318,'Germany\'s surrender in World War II was formalized on May 7, 1945, when General Alfred Jodl of the German High Command signed the unconditional surrender of all German forces at Reims, in northeastern France. This surrender was later ratified on May 8, 1945, in Berlin, Germany, to satisfy the Soviet Union\'s demand for a separate signing. The signing in Berlin took place at the seat of the Soviet Military Administration, marking the official end of World War II in Europe',NULL,'2024-11-12 17:21:27'),(280,NULL,319,'On August 6, 1945, during World War II, the United States dropped an atomic bomb on the Japanese city of Hiroshima. The bomb, nicknamed \"Little Boy,\" was carried by the B-29 bomber Enola Gay and detonated at approximately 8:15 AM. The explosion had a devastating impact, instantly killing an estimated 80,000 people and causing widespread destruction. In the following weeks and months, tens of thousands more died from injuries and radiation exposure. The bombing of Hiroshima, along with the subsequent bombing of Nagasaki, played a significant role in Japan\'s decision to surrender, effectively bringing an end to World War II',NULL,'2024-11-12 17:25:23'),(281,NULL,320,'On August 9, 1945, the United States dropped an atomic bomb on the Japanese city of Nagasaki. The bomb, nicknamed \"Fat Man,\" was carried by the B-29 bomber Bockscar and detonated at approximately 11:02 AM. The explosion had a devastating impact, instantly killing an estimated 40,000 people and causing widespread destruction. In the following weeks and months, tens of thousands more died from injuries and radiation exposure. The bombing of Nagasaki, along with the previous bombing of Hiroshima, played a significant role in Japan\'s decision to surrender, effectively bringing an end to World War II.',NULL,'2024-11-12 17:29:22'),(282,NULL,321,'Japan\'s surrender in World War II was announced by Emperor Hirohito on August 15, 1945, and formally signed on September 2, 1945. The signing took place aboard the American battleship USS Missouri in Tokyo Bay. This event marked the official end of World War II, with representatives from Japan and the Allied nations, including the United States, China, the United Kingdom, the Soviet Union, Australia, Canada, France, the Netherlands, and New Zealand, present to witness the ceremony.',NULL,'2024-11-12 17:36:57'),(283,NULL,322,'LeBron James won his first Olympic gold medal with the USA basketball team at the Beijing 2008 Olympic Games. He was a key player on the \"Redeem Team,\" which aimed to reclaim the gold medal after the USA\'s bronze finish in Athens 2004. LeBron\'s performance in Beijing was instrumental in the team\'s success, and they defeated Spain in the gold medal game to secure the top spot on the podium',NULL,'2024-11-12 17:45:43'),(284,NULL,323,'In June 14,2007 LeBron\'s second son was born at Hill crest Hospital he was named Bryce Maximus James',NULL,'2024-11-12 17:51:36'),(285,NULL,324,'LeBron James proposed to Savannah Brinson on New Year\'s Eve 2011, just after midnight. He had his friend and teammate, Dwyane Wade, hold the ring for him until the big moment',NULL,'2024-11-12 18:12:08'),(286,NULL,328,'LeBron James won his first NBA championship with the Miami Heat in 2012. The Heat defeated the Oklahoma City Thunder in the 2012 NBA Finals, winning the series 4-1. LeBron was named Finals MVP, averaging 28.6 points, 10.2 rebounds, and 7.4 assists per game during the series.',NULL,'2024-11-12 18:20:44'),(287,NULL,329,'LeBron James won his second NBA championship with the Miami Heat in 2013. The Heat defeated the San Antonio Spurs in the 2013 NBA Finals, winning the series 4-3. LeBron was named Finals MVP for the second consecutive year, averaging 25.3 points, 10.9 rebounds, and 7 assists per game during the series. The victory came after a dramatic Game 6 that went into overtime, and a solid performance in Game 7 where LeBron scored 37 points.',NULL,'2024-11-12 18:24:52'),(288,NULL,330,'LeBron James and Savannah Brinson got married on September 14, 2013, in a lavish ceremony at the Grand Del Mar resort in San Diego, California. The event was attended by around 200 guests, including LeBron\'s teammate Dwyane Wade and his then-girlfriend Gabrielle Union, as well as other NBA players like Chris Paul and Carmelo Anthony.',NULL,'2024-11-12 18:26:42');
/*!40000 ALTER TABLE `Texts` ENABLE KEYS */;
UNLOCK TABLES;

--
-- Table structure for table `Timelines`
--

DROP TABLE IF EXISTS `Timelines`;
/*!40101 SET @saved_cs_client     = @@character_set_client */;
/*!40101 SET character_set_client = utf8 */;
CREATE TABLE `Timelines` (
  `TimelineID` int(11) NOT NULL AUTO_INCREMENT,
  `Content` text DEFAULT NULL,
  `DateCreated` datetime DEFAULT current_timestamp(),
  PRIMARY KEY (`TimelineID`)
) ENGINE=InnoDB DEFAULT CHARSET=utf8mb4 COLLATE=utf8mb4_general_ci `ENCRYPTION_KEY_ID`=100;
/*!40101 SET character_set_client = @saved_cs_client */;

--
-- Dumping data for table `Timelines`
--

LOCK TABLES `Timelines` WRITE;
/*!40000 ALTER TABLE `Timelines` DISABLE KEYS */;
/*!40000 ALTER TABLE `Timelines` ENABLE KEYS */;
UNLOCK TABLES;

--
-- Table structure for table `Users`
--

DROP TABLE IF EXISTS `Users`;
/*!40101 SET @saved_cs_client     = @@character_set_client */;
/*!40101 SET character_set_client = utf8 */;
CREATE TABLE `Users` (
  `userID` int(11) NOT NULL AUTO_INCREMENT,
  `userName` varchar(255) NOT NULL,
  `email` varchar(255) NOT NULL,
  `fName` varchar(255) NOT NULL,
  `lName` varchar(255) NOT NULL,
  `passwrd` varchar(255) NOT NULL,
  `plaintextpassword` varchar(255) NOT NULL,
  PRIMARY KEY (`userID`),
  UNIQUE KEY `email` (`email`)
) ENGINE=InnoDB AUTO_INCREMENT=27 DEFAULT CHARSET=utf8mb4 COLLATE=utf8mb4_general_ci `ENCRYPTION_KEY_ID`=100;
/*!40101 SET character_set_client = @saved_cs_client */;

--
-- Dumping data for table `Users`
--

LOCK TABLES `Users` WRITE;
/*!40000 ALTER TABLE `Users` DISABLE KEYS */;
INSERT INTO `Users` VALUES (15,'Demos','raulvelaco@yahoo.com','demo','test','$2y$10$W84S/jjYay/fwWQoY0QJXemN65ToultXFFax5lXgdDg/THjWMIofW','test123'),(21,'ailarde','ailarde@csub.edu','Adam ','Ilarde','$2y$10$5nS8gWiAigIcTx2idyRw/e4EOaRcEjXQ3sPebemGSLk1bULhAQbLa','test123');
/*!40000 ALTER TABLE `Users` ENABLE KEYS */;
UNLOCK TABLES;

--
-- Table structure for table `Videos`
--

DROP TABLE IF EXISTS `Videos`;
/*!40101 SET @saved_cs_client     = @@character_set_client */;
/*!40101 SET character_set_client = utf8 */;
CREATE TABLE `Videos` (
  `VideoID` int(11) NOT NULL AUTO_INCREMENT,
  `WorkspaceID` int(11) DEFAULT NULL,
  `pointID` int(11) DEFAULT NULL,
  `YouTubeURL` varchar(255) DEFAULT NULL,
  `Description` text DEFAULT NULL,
  `DateCreated` datetime DEFAULT current_timestamp(),
  PRIMARY KEY (`VideoID`),
  KEY `WorkspaceID` (`WorkspaceID`),
  KEY `PointID` (`pointID`),
  CONSTRAINT `Videos_ibfk_1` FOREIGN KEY (`WorkspaceID`) REFERENCES `Workspaces` (`WorkspaceID`),
  CONSTRAINT `Videos_ibfk_2` FOREIGN KEY (`PointID`) REFERENCES `Points` (`pointID`)
) ENGINE=InnoDB AUTO_INCREMENT=182 DEFAULT CHARSET=utf8mb4 COLLATE=utf8mb4_general_ci `ENCRYPTION_KEY_ID`=100;
/*!40101 SET character_set_client = @saved_cs_client */;

--
-- Dumping data for table `Videos`
--

LOCK TABLES `Videos` WRITE;
/*!40000 ALTER TABLE `Videos` DISABLE KEYS */;
INSERT INTO `Videos` VALUES (35,NULL,145,'https://youtu.be/BJUWz4JqEhc?si=TraByHgly0oMlSw3',NULL,'2024-10-08 16:35:47'),(42,NULL,151,'https://youtu.be/x-A-kzwE3RM?si=rLIZ3IDjizMpigld',NULL,'2024-10-08 18:16:30'),(45,NULL,150,'https://youtu.be/wnf7AsRhrXU?si=85hqqJrSKxTYvo3Y',NULL,'2024-10-08 18:29:01'),(48,NULL,155,'https://youtu.be/z4Y1NZ18qg0?si=99dXF0W5kFvA1Y3Q',NULL,'2024-10-15 16:21:52'),(49,NULL,158,'https://youtu.be/ouzz31W_DvM?si=BZ51ngvBgSncixql',NULL,'2024-10-15 16:51:40'),(50,NULL,159,'https://youtu.be/fuNJrpWG5L8?si=Qa-8A3cPN1x5C9YA',NULL,'2024-10-15 17:03:58'),(51,NULL,161,'https://youtu.be/xfRx6Xz0NBM?si=TaFtRh0wdK5alc7t',NULL,'2024-10-15 17:24:57'),(52,NULL,162,'https://youtu.be/zOt7jn0ApvY?si=uCG9v8iablNUv2OM',NULL,'2024-10-15 17:34:06'),(53,NULL,163,'https://youtu.be/qgomfO_unH8?si=FkY5xSm72aqIjPJg',NULL,'2024-10-15 17:48:11'),(63,NULL,167,'https://youtu.be/KjEHR7dTOhY?si=CToOhm_6U9oANTvR',NULL,'2024-10-22 13:32:34'),(64,NULL,168,'https://youtu.be/bECFYvJdJkA?si=S_smELWH4yhQ0POT',NULL,'2024-10-22 13:36:56'),(66,NULL,169,'https://youtu.be/4gbU7zZltgI?si=w_OTYW6Fodut9CVP',NULL,'2024-10-22 13:39:59'),(67,NULL,170,'https://youtu.be/bKdUQt4IYsw?si=o-lsVqQH4wo0URz5',NULL,'2024-10-22 13:43:39'),(68,NULL,171,'https://youtu.be/v6i0bsZEmIE?si=FyLeWWJS7ZaeTDmD',NULL,'2024-10-22 13:47:53'),(69,NULL,172,'https://youtu.be/L80_q2tPveo?si=k0PmFWi--HCUGkJD',NULL,'2024-10-22 13:51:47'),(70,NULL,173,'https://youtu.be/N466WTClpe4?si=ye6LEudy9ryLV_QM',NULL,'2024-10-22 13:54:45'),(72,NULL,174,'https://youtu.be/Km4K8S5RlxM?si=vhRFauI5dbFyRI6o',NULL,'2024-10-22 13:59:40'),(74,NULL,175,'https://youtu.be/FzE3oOh1y-s?si=NUCpSBVq1AE-g0Ra',NULL,'2024-10-22 14:03:02'),(75,NULL,176,'https://youtu.be/wVYEMf_6EHo?si=Sj2iK24aQW1C4NKA',NULL,'2024-10-22 14:05:33'),(76,NULL,160,'https://youtu.be/X2AHvAJktAg?si=vokaKWbG1QwxpyZZ',NULL,'2024-10-22 16:42:54'),(77,NULL,156,'https://youtu.be/uAt1YLP3T34?si=nWslboClQIrmZvqb',NULL,'2024-10-22 17:11:41'),(78,NULL,154,'https://youtu.be/hvE9fb--Dig?si=BZo0ELa3qvUWXf1q',NULL,'2024-10-22 17:13:35'),(80,NULL,178,'https://youtu.be/e7mnSIO_bFA?si=0432Otm-Fk6vo9yN',NULL,'2024-10-22 17:31:24'),(81,NULL,179,'https://youtu.be/uInPvhEauJc?si=Lk5EnfRlEHS0-T56',NULL,'2024-10-22 17:36:18'),(82,NULL,180,'https://youtu.be/JPUta5x8a_g?si=t2L9oxLaKCqD-pOQ',NULL,'2024-10-22 17:42:59'),(83,NULL,181,'https://youtu.be/f_Qu-y4Tlm8?si=4cMuV0ISSA87jl7t',NULL,'2024-10-22 17:46:03'),(84,NULL,184,'https://youtu.be/lUrOTRzNT4M?si=Dcwyv8Nu4UT4zoaW',NULL,'2024-10-22 17:50:47'),(85,NULL,189,'https://youtu.be/aBZHXBS5rCY?si=84f2tAOKFoVsxBpk',NULL,'2024-10-22 18:00:17'),(86,NULL,193,'https://youtu.be/KFgbbVI_ieQ?si=FQA0pw2v7g6Rx9ev',NULL,'2024-10-22 18:08:02'),(87,NULL,199,'https://youtu.be/DEszplKAlV4?si=GfG5gFqRDwwJdrGY',NULL,'2024-10-22 18:13:27'),(88,NULL,200,'https://youtu.be/qK42SUseTwM?si=4aUdgiv9kxzEd__8',NULL,'2024-10-22 18:19:40'),(89,NULL,203,'https://youtu.be/R_nA7r1Jvnw?si=mvbAT3oVKw7wjzUR',NULL,'2024-10-22 18:31:26'),(90,NULL,205,'https://youtu.be/gCfyGIATTVQ?si=2GgXFF8I-SODIxpF',NULL,'2024-10-22 18:38:21'),(93,NULL,206,'https://youtu.be/mHgAKgIIJ-M?si=uHk9dNT9VZATZ3Q2',NULL,'2024-10-23 16:07:29'),(94,NULL,207,'https://youtu.be/Xg99jYV0Yjk?si=dWAARnZnBnlYCyzL',NULL,'2024-10-23 16:10:42'),(95,NULL,208,'https://youtu.be/KrXr1zksNEs?si=6YFrStLEkkYp8nRW',NULL,'2024-10-23 16:17:41'),(96,NULL,209,'https://youtu.be/Mf4NBMvksKI?si=IEnF_LUksd6zWv7J',NULL,'2024-10-23 16:22:13'),(97,NULL,210,'https://youtu.be/oa1HxoO94IE?si=UQy0-stxuwNPAPJb',NULL,'2024-10-23 16:28:44'),(98,NULL,211,'https://youtu.be/6rY_dA73YzY?si=X4uQPV725X29LKbe',NULL,'2024-10-23 16:35:40'),(99,NULL,212,'https://youtu.be/bBe0U_CTbRE?si=Khd4BLIVg3ZXsUu2',NULL,'2024-10-23 16:46:43'),(100,NULL,213,'https://youtu.be/w2yX0JAn10Y?si=peIEKdQRqce3-RHi',NULL,'2024-10-23 16:51:42'),(102,NULL,214,'https://youtu.be/l-nESFnpz3c?si=cMpdqjJ8eHqnHK0V',NULL,'2024-10-23 17:01:56'),(103,NULL,215,'https://youtu.be/1C8zBI3mfW0?si=Bq3WvdQfbrgB7VGv',NULL,'2024-10-23 17:07:25'),(104,NULL,216,'https://youtu.be/6kmN2ObnSUY?si=QwUQf_l3HAorDv1D',NULL,'2024-10-23 17:13:14'),(105,NULL,217,'https://youtu.be/jPUpwGvsbzE?si=fgRYA4dFRnmSUwWr',NULL,'2024-10-23 17:17:34'),(117,NULL,223,'https://youtu.be/_F5X64bXde0?si=ZYx3VpHYdu_0FStw',NULL,'2024-10-29 17:22:12'),(118,NULL,224,'https://youtu.be/bSjxlfXOH80?si=NXyuHVmI1uBQ3Zvo',NULL,'2024-10-29 17:29:02'),(119,NULL,225,'https://youtu.be/pkPMTFtpEm8?si=FOy2H7qJJnlGhavY',NULL,'2024-10-29 17:34:52'),(120,NULL,226,'https://youtu.be/au68q8wMrhg?si=o9wLTCYlvhvXJM-j',NULL,'2024-10-29 17:41:12'),(121,NULL,227,'https://youtu.be/BXHf7cdCtOA?si=wzOe-fDkVexrbcJO',NULL,'2024-10-29 17:48:21'),(122,NULL,228,'https://youtu.be/YPzK6lMCEVw?si=VRby1YT1nLD6dpl7',NULL,'2024-10-29 18:02:11'),(123,NULL,229,'https://youtu.be/heRxNM2mSjY?si=PlSOTy-h1BCjObFQ',NULL,'2024-10-29 18:08:38'),(124,NULL,230,'https://youtu.be/RRxrIKj2Pe4?si=udVnkBLkyZcYcB-5',NULL,'2024-10-29 18:17:56'),(132,NULL,242,'https://youtu.be/C45Vcb2IaIg?si=yAUdgHywzPo_sHWY',NULL,'2024-11-03 16:43:34'),(136,NULL,252,'https://youtu.be/Sfdwy-eQm4g?si=q3MlR6zaNKuywl75',NULL,'2024-11-09 09:41:47'),(137,NULL,253,'https://youtu.be/2nC9z57MuaI?si=3hEtoHLLk4L5ORfm',NULL,'2024-11-09 09:49:03'),(138,NULL,254,'https://youtu.be/U_Q3ZzrCAeU?si=YzvfozfW1n-fdfDT',NULL,'2024-11-09 09:52:58'),(139,NULL,255,'https://youtu.be/EEq1n6yJGfc?si=m2r0mIiEyZNNYVOB',NULL,'2024-11-09 09:56:56'),(140,NULL,256,'https://youtu.be/aKszympry_Q?si=4dUIi5xlx_oLXk9v',NULL,'2024-11-09 10:02:03'),(144,NULL,266,'https://youtu.be/memOs98WvDM?si=Hi5_TsDnn5dkYL06',NULL,'2024-11-09 15:30:40'),(145,NULL,267,'https://youtu.be/gH_W5X70FAk?si=QxcDf4PloJ960ExE',NULL,'2024-11-09 15:32:33'),(146,NULL,264,'https://youtu.be/tPPaP0mNhso?si=A-PypXeUYlWrSHzi',NULL,'2024-11-09 15:33:07'),(147,NULL,268,'https://youtu.be/xcSnKArKz8E?si=67IZcodRiuumvbQJ',NULL,'2024-11-09 15:46:59'),(148,NULL,269,'https://youtu.be/csf_U-S-zgo?si=0dVujxLWQ_FbHkUu',NULL,'2024-11-09 15:54:17'),(149,NULL,270,'https://youtu.be/mCk_5Zl3wu4?si=XyAbzNrDUXQSBNlw',NULL,'2024-11-09 16:06:22'),(150,NULL,271,'https://youtu.be/TI5UjvnaPNw?si=Rw0tjMaB1KHgymvd',NULL,'2024-11-09 16:18:01'),(151,NULL,272,'https://youtu.be/xJK6KKVvIVs?si=dBLvzlXgfskrsqdk',NULL,'2024-11-09 16:25:59'),(155,NULL,300,'https://youtu.be/q0p2tPI-KEE?si=XPFR1CHYK8ouA0d1',NULL,'2024-11-12 15:26:43'),(156,NULL,301,'https://youtu.be/4SofXiuyNyg?si=3hr78xhqKhwL68Dp',NULL,'2024-11-12 15:45:15'),(157,NULL,302,'https://youtu.be/uD5-j9CurVY?si=FHdn6vRlRhN8eLiQ',NULL,'2024-11-12 16:03:17'),(161,NULL,310,'https://youtu.be/A2kSnlS4xX8?si=T523cu6AeZkkre7S',NULL,'2024-11-12 16:38:45'),(162,NULL,311,'https://youtu.be/lK8gYGg0dkE?si=nEzjr2zmh6ai0RmW',NULL,'2024-11-12 16:47:59'),(163,NULL,312,'https://youtu.be/7OBw0r28qC0?si=ZTCkaBvjFDfhXm7k',NULL,'2024-11-12 16:51:59'),(164,NULL,313,'https://youtu.be/xiDKUTWV9eY?si=8srJuQA--Bl4eP5z',NULL,'2024-11-12 16:57:17'),(165,NULL,314,'https://youtu.be/Nc1nV0vKBj0?si=_Hafbqv7vtSbpmi_',NULL,'2024-11-12 17:00:44'),(166,NULL,315,'https://youtu.be/_HZNlez34kc?si=lYBzqydEby-R9STM',NULL,'2024-11-12 17:07:48'),(167,NULL,316,'https://youtu.be/UygMb40CfaU?si=_MoI8nokPug8lucV',NULL,'2024-11-12 17:11:30'),(168,NULL,317,'https://youtu.be/btHJYt5YE9s?si=-CqMHhDL_QSt52dd',NULL,'2024-11-12 17:17:52'),(169,NULL,318,'https://youtu.be/fGkwiGpRn88?si=ZQ1BLOqUN1afZd_5',NULL,'2024-11-12 17:22:10'),(170,NULL,319,'https://youtu.be/Uas1WtocwOo?si=fuDVGhiSAJIeJ_YM',NULL,'2024-11-12 17:26:41'),(171,NULL,320,'https://youtu.be/8u-XoaU4ScA?si=xK9RgMZF7jGMixNY',NULL,'2024-11-12 17:29:59'),(172,NULL,321,'https://youtu.be/F7incPwTOxI?si=XJdgUvrgzYMz_eco',NULL,'2024-11-12 17:36:29'),(173,NULL,322,'https://youtu.be/Ctt-tZ_9KpY?si=Oc9WhNLTWRwMnqf0',NULL,'2024-11-12 17:46:53'),(174,NULL,323,'https://youtu.be/TLbj_urXEW0?si=iTnnopA1yPkA0d-I',NULL,'2024-11-12 17:52:42'),(175,NULL,324,'https://youtu.be/CVucjXUliKg?si=8ECQWhSBJb8LA5pH',NULL,'2024-11-12 18:03:45'),(176,NULL,328,'https://youtu.be/8YjC76Npzcs?si=jz2mccHeKDJPMRnR',NULL,'2024-11-12 18:20:13'),(177,NULL,329,'https://youtu.be/hDDzmksK4fw?si=9kT155lFlCLCFLOb',NULL,'2024-11-12 18:24:42');
/*!40000 ALTER TABLE `Videos` ENABLE KEYS */;
UNLOCK TABLES;

--
-- Table structure for table `Workspaces`
--

DROP TABLE IF EXISTS `Workspaces`;
/*!40101 SET @saved_cs_client     = @@character_set_client */;
/*!40101 SET character_set_client = utf8 */;
CREATE TABLE `Workspaces` (
  `WorkspaceID` int(11) NOT NULL AUTO_INCREMENT,
  `userID` int(11) NOT NULL,
  `workName` varchar(255) NOT NULL,
  PRIMARY KEY (`WorkspaceID`),
  KEY `userID` (`userID`),
  CONSTRAINT `Workspaces_ibfk_1` FOREIGN KEY (`userID`) REFERENCES `Users` (`userID`)
) ENGINE=InnoDB AUTO_INCREMENT=46 DEFAULT CHARSET=utf8mb4 COLLATE=utf8mb4_general_ci `ENCRYPTION_KEY_ID`=100;
/*!40101 SET character_set_client = @saved_cs_client */;

--
-- Dumping data for table `Workspaces`
--

LOCK TABLES `Workspaces` WRITE;
/*!40000 ALTER TABLE `Workspaces` DISABLE KEYS */;
INSERT INTO `Workspaces` VALUES (17,15,'Lewis and Clark Expedition'),(19,15,'Presidents'),(23,15,'Csar Chvez'),(27,15,'Lebron James'),(31,15,'World War 2'),(35,21,'Aespa'),(45,21,'test');
/*!40000 ALTER TABLE `Workspaces` ENABLE KEYS */;
UNLOCK TABLES;
/*!40103 SET TIME_ZONE=@OLD_TIME_ZONE */;

/*!40101 SET SQL_MODE=@OLD_SQL_MODE */;
/*!40014 SET FOREIGN_KEY_CHECKS=@OLD_FOREIGN_KEY_CHECKS */;
/*!40014 SET UNIQUE_CHECKS=@OLD_UNIQUE_CHECKS */;
/*!40101 SET CHARACTER_SET_CLIENT=@OLD_CHARACTER_SET_CLIENT */;
/*!40101 SET CHARACTER_SET_RESULTS=@OLD_CHARACTER_SET_RESULTS */;
/*!40101 SET COLLATION_CONNECTION=@OLD_COLLATION_CONNECTION */;
/*!40111 SET SQL_NOTES=@OLD_SQL_NOTES */;

-- Dump completed on 2024-12-11 19:48:23
